date,ret
2010-01-04,0.00020159
2010-01-05,0.00007193
2010-01-06,0.00034908
2010-01-07,0.00400893
2010-01-08,0.00027585
2010-01-11,-0.00588809
2010-01-12,0.00234543
2010-01-13,-0.00035302
2010-01-14,-0.00012631
2010-01-15,0.00137148
2010-01-18,0.00189534
2010-01-19,0.00608601
2010-01-20,0.00380486
2010-01-21,0.00134728
2010-01-22,-0.00247245
2010-01-25,-0.00371598
2010-01-26,0.00195854
2010-01-27,0.00674986
2010-01-28,0.00103746
2010-01-29,0.00037155
2010-02-01,0.00324299
2010-02-02,-0.00569095
2010-02-03,-0.00055525
2010-02-04,0.00305663
2010-02-05,0.00478032
2010-02-08,-0.00023283
2010-02-09,0.00254470
2010-02-10,0.00196696
2010-02-11,0.00437047
2010-02-12,-0.00415950
2010-02-15,0.00340713
2010-02-16,-0.00596534
2010-02-17,-0.01093975
2010-02-18,-0.00188101
2010-02-19,-0.00327115
2010-02-22,0.00479206
2010-02-23,0.00383920
2010-02-24,-0.00463584
2010-02-25,0.00466313
2010-02-26,-0.00365991
2010-03-01,0.00046190
2010-03-02,-0.00047255
2010-03-03,0.00136489
2010-03-04,0.00453386
2010-03-05,0.00482217
2010-03-08,0.00564572
2010-03-09,-0.00727566
2010-03-10,0.00073110
2010-03-11,0.01273901
2010-03-12,-0.01043006
2010-03-15,0.01183923
2010-03-16,0.00714052
2010-03-17,0.00726855
2010-03-18,0.00042688
2010-03-19,-0.00555332
2010-03-22,-0.00154434
2010-03-23,0.00513803
2010-03-24,-0.00564655
2010-03-25,0.00100089
2010-03-26,0.00198957
2010-03-29,-0.00057016
2010-03-30,0.00410634
2010-03-31,0.00346351
2010-04-01,0.01129634
2010-04-02,0.00363985
2010-04-05,-0.00189232
2010-04-06,-0.00167809
2010-04-07,-0.00289211
2010-04-08,0.00513523
2010-04-09,-0.00170075
2010-04-12,0.00053383
2010-04-13,0.00422186
2010-04-14,-0.00240558
2010-04-15,-0.00047146
2010-04-16,-0.00743579
2010-04-19,-0.00402115
2010-04-20,-0.00170481
2010-04-21,0.00272092
2010-04-22,0.00622072
2010-04-23,0.00076690
2010-04-26,0.00202614
2010-04-27,0.00160586
2010-04-28,0.00573134
2010-04-29,0.00487010
2010-04-30,0.00208162
2010-05-03,-0.00369925
2010-05-04,0.00491523
2010-05-05,0.00256471
2010-05-06,0.00637124
2010-05-07,0.00071542
2010-05-10,0.00963895
2010-05-11,-0.00076494
2010-05-12,0.00801877
2010-05-13,0.00136804
2010-05-14,-0.00147321
2010-05-17,-0.00422802
2010-05-18,0.00017036
2010-05-19,0.00725494
2010-05-20,0.00452369
2010-05-21,0.00394998
2010-05-24,-0.00984143
2010-05-25,0.00404934
2010-05-26,0.00335134
2010-05-27,-0.00162467
2010-05-28,-0.00197323
2010-05-31,0.00083960
2010-06-01,0.00861194
2010-06-02,-0.00389795
2010-06-03,-0.00107512
2010-06-04,0.00697803
2010-06-07,-0.00115768
2010-06-08,-0.00078913
2010-06-09,0.00128999
2010-06-10,-0.00473580
2010-06-11,0.00183975
2010-06-14,-0.00459328
2010-06-15,0.00483339
2010-06-16,0.00086431
2010-06-17,0.01112544
2010-06-18,0.00211378
2010-06-21,0.00699560
2010-06-22,-0.00501469
2010-06-23,0.00030037
2010-06-24,0.00230416
2010-06-25,0.00870574
2010-06-28,-0.00671412
2010-06-29,0.00530779
2010-06-30,0.00351109
2010-07-01,0.00775096
2010-07-02,0.00405573
2010-07-05,0.00108432
2010-07-06,-0.00149742
2010-07-07,-0.00476681
2010-07-08,0.00172940
2010-07-09,-0.00001264
2010-07-12,0.00994120
2010-07-13,-0.00189961
2010-07-14,0.00229176
2010-07-15,-0.00621051
2010-07-16,-0.00092958
2010-07-19,0.00202517
2010-07-20,0.00455782
2010-07-21,0.00736646
2010-07-22,0.00065133
2010-07-23,-0.00417760
2010-07-26,0.00291033
2010-07-27,0.00317644
2010-07-28,0.00306246
2010-07-29,-0.00230129
2010-07-30,0.00595023
2010-08-02,0.00124553
2010-08-03,0.00399921
2010-08-04,0.00658333
2010-08-05,0.00359173
2010-08-06,0.00213932
2010-08-09,0.01053758
2010-08-10,0.00194666
2010-08-11,-0.00048184
2010-08-12,0.00135385
2010-08-13,0.00752246
2010-08-16,0.00138421
2010-08-17,0.00318720
2010-08-18,0.00623079
2010-08-19,-0.00145786
2010-08-20,-0.00691956
2010-08-23,0.00219740
2010-08-24,0.00188381
2010-08-25,-0.00188605
2010-08-26,0.00476989
2010-08-27,0.00358405
2010-08-30,-0.00362747
2010-08-31,0.00318198
2010-09-01,-0.00003247
2010-09-02,-0.00582361
2010-09-03,0.00288828
2010-09-06,0.00064653
2010-09-07,-0.00250377
2010-09-08,0.00320326
2010-09-09,0.00304642
2010-09-10,-0.00174892
2010-09-13,0.00265158
2010-09-14,0.00541779
2010-09-15,-0.00235700
2010-09-16,0.00256401
2010-09-17,0.00086240
2010-09-20,0.01104705
2010-09-21,-0.00753036
2010-09-22,0.00397878
2010-09-23,-0.00052810
2010-09-24,0.00039911
2010-09-27,0.00940715
2010-09-28,0.00081142
2010-09-29,0.01093425
2010-09-30,-0.00113967
2010-10-01,0.00242730
2010-10-04,-0.00135881
2010-10-05,-0.00225810
2010-10-06,0.00113117
2010-10-07,-0.00042157
2010-10-08,0.00176121
2010-10-11,0.00239218
2010-10-12,0.00955595
2010-10-13,-0.00292679
2010-10-14,0.00887386
2010-10-15,-0.01015791
2010-10-18,0.00613624
2010-10-19,0.00411458
2010-10-20,-0.00997031
2010-10-21,0.00822498
2010-10-22,-0.00795622
2010-10-25,0.00069227
2010-10-26,0.00714176
2010-10-27,0.01041947
2010-10-28,0.00337759
2010-10-29,0.00224186
2010-11-01,-0.00473093
2010-11-02,-0.00294459
2010-11-03,0.00106112
2010-11-04,0.00311439
2010-11-05,0.00346083
2010-11-08,-0.00130194
2010-11-09,-0.00433374
2010-11-10,-0.00265002
2010-11-11,-0.00435638
2010-11-12,0.00374534
2010-11-15,-0.00955526
2010-11-16,-0.00064975
2010-11-17,0.00287445
2010-11-18,0.00769906
2010-11-19,0.00117085
2010-11-22,0.00535578
2010-11-23,-0.00094552
2010-11-24,-0.00249982
2010-11-25,-0.00218477
2010-11-26,0.00772301
2010-11-29,0.00532400
2010-11-30,0.00304329
2010-12-01,0.01583621
2010-12-02,0.00070446
2010-12-03,0.00364157
2010-12-06,0.00223416
2010-12-07,-0.00014849
2010-12-08,0.01127277
2010-12-09,0.00762972
2010-12-10,-0.00544766
2010-12-13,-0.00094931
2010-12-14,0.00277751
2010-12-15,0.00437432
2010-12-16,-0.00521801
2010-12-17,-0.00930003
2010-12-20,-0.00772865
2010-12-21,0.00053000
2010-12-22,0.00038559
2010-12-23,0.00240349
2010-12-24,-0.00261354
2010-12-27,-0.00465907
2010-12-28,-0.00825370
2010-12-29,0.00233134
2010-12-30,0.00251524
2010-12-31,0.00531847
2011-01-03,0.00440858
2011-01-04,-0.00000822
2011-01-05,0.00692167
2011-01-06,0.00023635
2011-01-07,-0.00212376
2011-01-10,-0.00149260
2011-01-11,-0.00178165
2011-01-12,-0.00889582
2011-01-13,0.00155347
2011-01-14,0.00197449
2011-01-17,-0.00078020
2011-01-18,-0.00236229
2011-01-19,0.00252312
2011-01-20,0.00857592
2011-01-21,0.00102215
2011-01-24,-0.00143435
2011-01-25,-0.00181151
2011-01-26,0.00053610
2011-01-27,-0.00484145
2011-01-28,0.00028633
2011-01-31,0.00112532
2011-02-01,0.00915105
2011-02-02,0.00509563
2011-02-03,0.00550313
2011-02-04,-0.00235827
2011-02-07,0.00386465
2011-02-08,-0.00427722
2011-02-09,0.00225382
2011-02-10,0.00273432
2011-02-11,-0.00259884
2011-02-14,0.00984721
2011-02-15,0.00340318
2011-02-16,-0.00771228
2011-02-17,0.00333787
2011-02-18,-0.00098335
2011-02-21,0.00085619
2011-02-22,0.00294594
2011-02-23,0.00260740
2011-02-24,-0.00832618
2011-02-25,-0.00436244
2011-02-28,0.00432681
2011-03-01,0.00670542
2011-03-02,0.00941419
2011-03-03,0.00896426
2011-03-04,-0.00839991
2011-03-07,-0.00818507
2011-03-08,0.00863130
2011-03-09,0.00677415
2011-03-10,-0.00859902
2011-03-11,-0.00321623
2011-03-14,-0.00244034
2011-03-15,-0.00250900
2011-03-16,0.01216345
2011-03-17,-0.00287132
2011-03-18,0.00179792
2011-03-21,0.00175901
2011-03-22,-0.00225366
2011-03-23,0.00376552
2011-03-24,0.00128673
2011-03-25,-0.00339695
2011-03-28,0.00877907
2011-03-29,0.00441227
2011-03-30,0.00009802
2011-03-31,-0.00201504
2011-04-01,-0.00267963
2011-04-04,0.00638923
2011-04-05,0.00019085
2011-04-06,0.00291747
2011-04-07,0.00001994
2011-04-08,0.00362384
2011-04-11,0.00032809
2011-04-12,0.00428734
2011-04-13,0.00002555
2011-04-14,0.00458314
2011-04-15,0.00387573
2011-04-18,0.00032526
2011-04-19,-0.00301900
2011-04-20,-0.00338054
2011-04-21,-0.00248332
2011-04-22,-0.00358019
2011-04-25,0.00474608
2011-04-26,0.00064029
2011-04-27,0.00791545
2011-04-28,0.01110698
2011-04-29,0.00095900
2011-05-02,-0.00611608
2011-05-03,-0.00086654
2011-05-04,0.00051093
2011-05-05,-0.00584799
2011-05-06,-0.00027722
2011-05-09,0.00214126
2011-05-10,-0.00121743
2011-05-11,-0.00260792
2011-05-12,-0.00256441
2011-05-13,0.00889008
2011-05-16,0.00013159
2011-05-17,-0.00288469
2011-05-18,-0.00082804
2011-05-19,0.00514455
2011-05-20,-0.00223110
2011-05-23,0.00301831
2011-05-24,0.00412548
2011-05-25,0.00422103
2011-05-26,0.00714863
2011-05-27,-0.00162717
2011-05-30,0.00594730
2011-05-31,-0.00271784
2011-06-01,-0.00093443
2011-06-02,0.00623239
2011-06-03,0.00455069
2011-06-06,0.00085944
2011-06-07,-0.00451136
2011-06-08,0.00337747
2011-06-09,-0.00198668
2011-06-10,-0.00330748
2011-06-13,-0.00206660
2011-06-14,0.00195922
2011-06-15,-0.00869464
2011-06-16,0.00247343
2011-06-17,0.00163259
2011-06-20,-0.00178037
2011-06-21,0.00551617
2011-06-22,0.00360148
2011-06-23,-0.00187828
2011-06-24,-0.00216507
2011-06-27,0.00397818
2011-06-28,-0.00597233
2011-06-29,-0.00064680
2011-06-30,-0.00198971
2011-07-01,0.00116445
2011-07-04,0.00180007
2011-07-05,0.00101555
2011-07-06,0.00595682
2011-07-07,0.00187628
2011-07-08,-0.00056747
2011-07-11,-0.00459885
2011-07-12,0.00409832
2011-07-13,0.00322666
2011-07-14,0.00737864
2011-07-15,-0.00251355
2011-07-18,0.00096888
2011-07-19,0.00058588
2011-07-20,0.00045575
2011-07-21,0.00089676
2011-07-22,-0.00686543
2011-07-25,0.00456243
2011-07-26,0.00378943
2011-07-27,0.00593713
2011-07-28,0.01097308
2011-07-29,-0.00058535
2011-08-01,0.00068736
2011-08-02,0.00089403
2011-08-03,0.00958983
2011-08-04,-0.00694049
2011-08-05,0.00303596
2011-08-08,-0.00576874
2011-08-09,-0.01076707
2011-08-10,-0.00824375
2011-08-11,-0.00536796
2011-08-12,0.00566061
2011-08-15,-0.00305762
2011-08-16,-0.00017356
2011-08-17,-0.00438581
2011-08-18,0.00359928
2011-08-19,-0.00410883
2011-08-22,0.00677943
2011-08-23,-0.00361897
2011-08-24,-0.00259172
2011-08-25,0.00140233
2011-08-26,0.00096120
2011-08-29,0.00726111
2011-08-30,0.00139183
2011-08-31,-0.00458525
2011-09-01,-0.00167151
2011-09-02,-0.00172753
2011-09-05,0.00411269
2011-09-06,0.00257707
2011-09-07,0.00031274
2011-09-08,0.00476323
2011-09-09,-0.00152823
2011-09-12,0.00023695
2011-09-13,0.00166342
2011-09-14,0.00772682
2011-09-15,0.00040660
2011-09-16,-0.00072860
2011-09-19,-0.00385627
2011-09-20,0.00393723
2011-09-21,-0.00179440
2011-09-22,0.00239658
2011-09-23,-0.00770724
2011-09-26,0.00554434
2011-09-27,-0.00514372
2011-09-28,-0.00264804
2011-09-29,0.00561362
2011-09-30,-0.00515512
2011-10-03,0.00049245
2011-10-04,0.00118415
2011-10-05,-0.00364351
2011-10-06,0.00689320
2011-10-07,0.00759450
2011-10-10,-0.01771622
2011-10-11,-0.00433110
2011-10-12,-0.00112156
2011-10-13,0.00162381
2011-10-14,-0.00438190
2011-10-17,0.00269374
2011-10-18,-0.00169103
2011-10-19,-0.00068052
2011-10-20,-0.00696377
2011-10-21,0.01191811
2011-10-24,0.00194417
2011-10-25,0.00414551
2011-10-26,0.00462131
2011-10-27,0.00502594
2011-10-28,0.00221511
2011-10-31,0.00180516
2011-11-01,0.00473803
2011-11-02,0.00115975
2011-11-03,-0.00353263
2011-11-04,0.00095732
2011-11-07,-0.00764787
2011-11-08,0.00082345
2011-11-09,0.00271018
2011-11-10,0.00641191
2011-11-11,0.00153075
2011-11-14,0.00502663
2011-11-15,0.00084758
2011-11-16,-0.00375564
2011-11-17,-0.00550121
2011-11-18,-0.00351380
2011-11-21,-0.00529766
2011-11-22,0.00370169
2011-11-23,-0.00008427
2011-11-24,0.00341642
2011-11-25,0.00118044
2011-11-28,0.00554822
2011-11-29,0.00562087
2011-11-30,-0.00205402
2011-12-01,-0.00038442
2011-12-02,-0.00154773
2011-12-05,-0.00644590
2011-12-06,0.00388848
2011-12-07,0.00619958
2011-12-08,0.00082107
2011-12-09,-0.00136936
2011-12-12,0.00575907
2011-12-13,-0.00970233
2011-12-14,0.00164864
2011-12-15,0.00149478
2011-12-16,-0.00171886
2011-12-19,0.00711209
2011-12-20,0.00521831
2011-12-21,-0.00032521
2011-12-22,0.00045987
2011-12-23,-0.00089611
2011-12-26,-0.00145454
2011-12-27,-0.00503690
2011-12-28,0.00705977
2011-12-29,0.00547600
2011-12-30,0.00444175
2012-01-02,-0.00407451
2012-01-03,0.01021380
2012-01-04,0.00976074
2012-01-05,0.00169626
2012-01-06,-0.00321899
2012-01-09,-0.00304894
2012-01-10,0.00273347
2012-01-11,-0.00325856
2012-01-12,0.00069605
2012-01-13,0.00574890
2012-01-16,-0.00593071
2012-01-17,0.00987578
2012-01-18,0.00790019
2012-01-19,-0.00471689
2012-01-20,-0.00551139
2012-01-23,-0.00042540
2012-01-24,-0.00379014
2012-01-25,-0.00033674
2012-01-26,-0.01076534
2012-01-27,-0.00017916
2012-01-30,0.00896285
2012-01-31,-0.00417468
2012-02-01,-0.00037881
2012-02-02,-0.00585324
2012-02-03,0.00372207
2012-02-06,-0.00016394
2012-02-07,0.00958330
2012-02-08,0.00178078
2012-02-09,-0.00082481
2012-02-10,0.00332623
2012-02-13,-0.00142803
2012-02-14,-0.00517689
2012-02-15,0.00220876
2012-02-16,0.00006309
2012-02-17,0.00159842
2012-02-20,0.00253956
2012-02-21,-0.00144644
2012-02-22,0.00274709
2012-02-23,0.00866963
2012-02-24,-0.00413510
2012-02-27,0.00866841
2012-02-28,-0.00024261
2012-02-29,-0.00259982
2012-03-01,0.01177249
2012-03-02,0.00154760
2012-03-05,0.01092238
2012-03-06,-0.00698776
2012-03-07,-0.01056469
2012-03-08,-0.00750896
2012-03-09,0.00485015
2012-03-12,-0.00631733
2012-03-13,-0.00792184
2012-03-14,-0.00601840
2012-03-15,-0.00562892
2012-03-16,-0.00575615
2012-03-19,0.00082987
2012-03-20,0.00313189
2012-03-21,0.00165156
2012-03-22,0.00297468
2012-03-23,-0.00658407
2012-03-26,-0.00085413
2012-03-27,0.00209533
2012-03-28,0.00373523
2012-03-29,-0.00634102
2012-03-30,0.00156630
2012-04-02,0.00627889
2012-04-03,0.00004625
2012-04-04,0.00042359
2012-04-05,0.00287706
2012-04-06,0.00196203
2012-04-09,0.00388587
2012-04-10,0.00117586
2012-04-11,0.00153623
2012-04-12,-0.00267100
2012-04-13,0.00008303
2012-04-16,0.00648905
2012-04-17,-0.00006876
2012-04-18,0.00009146
2012-04-19,-0.00136177
2012-04-20,0.00439234
2012-04-23,-0.00299606
2012-04-24,0.00494726
2012-04-25,-0.00336638
2012-04-26,-0.00391002
2012-04-27,0.00177673
2012-04-30,0.00143581
2012-05-01,0.00218901
2012-05-02,0.00563142
2012-05-03,-0.00100623
2012-05-04,0.00284347
2012-05-07,-0.00324418
2012-05-08,0.00651626
2012-05-09,0.00369606
2012-05-10,0.00326433
2012-05-11,0.00169545
2012-05-14,-0.00268520
2012-05-15,-0.00062317
2012-05-16,0.00310801
2012-05-17,0.00076367
2012-05-18,0.00140685
2012-05-21,-0.00526919
2012-05-22,0.00166492
2012-05-23,-0.00226367
2012-05-24,-0.00402501
2012-05-25,0.00015392
2012-05-28,-0.00750427
2012-05-29,0.00399356
2012-05-30,0.00468406
2012-05-31,0.00060954
2012-06-01,-0.00362202
2012-06-04,-0.00340416
2012-06-05,0.00016995
2012-06-06,-0.01005680
2012-06-07,0.00166215
2012-06-08,0.00383994
2012-06-11,-0.00055353
2012-06-12,-0.00137481
2012-06-13,0.00166885
2012-06-14,0.00242790
2012-06-15,0.00577368
2012-06-18,0.00093279
2012-06-19,-0.00225391
2012-06-20,-0.00122569
2012-06-21,0.00166876
2012-06-22,0.00785290
2012-06-25,-0.00059123
2012-06-26,-0.00388637
2012-06-27,-0.00306548
2012-06-28,-0.00858351
2012-06-29,0.00233407
2012-07-02,-0.00527596
2012-07-03,-0.00470079
2012-07-04,-0.00804207
2012-07-05,-0.00418095
2012-07-06,0.00340787
2012-07-09,-0.00505109
2012-07-10,-0.00702339
2012-07-11,0.00165218
2012-07-12,-0.00068527
2012-07-13,0.00279486
2012-07-16,0.00418252
2012-07-17,0.00081175
2012-07-18,-0.00498992
2012-07-19,0.00029290
2012-07-20,0.00310117
2012-07-23,-0.00177345
2012-07-24,-0.00561858
2012-07-25,0.00581175
2012-07-26,-0.00101861
2012-07-27,-0.00099154
2012-07-30,0.00092183
2012-07-31,0.00548713
2012-08-01,0.00203629
2012-08-02,-0.00064952
2012-08-03,0.00391960
2012-08-06,0.01051161
2012-08-07,0.00709504
2012-08-08,0.00387792
2012-08-09,-0.00420026
2012-08-10,0.01773426
2012-08-13,-0.00454396
2012-08-14,-0.00082311
2012-08-15,-0.00229950
2012-08-16,0.00817101
2012-08-17,0.00274108
2012-08-20,-0.00557206
2012-08-21,0.00205414
2012-08-22,0.00331108
2012-08-23,-0.00058317
2012-08-24,-0.00464085
2012-08-27,-0.00241265
2012-08-28,-0.00111582
2012-08-29,0.00095229
2012-08-30,-0.00148959
2012-08-31,0.00415849
2012-09-03,-0.00342476
2012-09-04,-0.00694124
2012-09-05,-0.00247727
2012-09-06,0.00692001
2012-09-07,-0.00172920
2012-09-10,0.01138364
2012-09-11,0.00306168
2012-09-12,-0.00438992
2012-09-13,-0.00290429
2012-09-14,0.00194518
2012-09-17,-0.00444940
2012-09-18,0.01153560
2012-09-19,-0.00360901
2012-09-20,0.00391425
2012-09-21,0.00742058
2012-09-24,0.00035860
2012-09-25,-0.00363138
2012-09-26,-0.00037880
2012-09-27,0.00247997
2012-09-28,0.00479088
2012-10-01,0.00110523
2012-10-02,-0.00545100
2012-10-03,0.00104046
2012-10-04,-0.00218011
2012-10-05,-0.00897456
2012-10-08,-0.00228902
2012-10-09,-0.00559603
2012-10-10,0.01415583
2012-10-11,0.00477514
2012-10-12,0.00187942
2012-10-15,0.00211335
2012-10-16,0.01244971
2012-10-17,-0.00354546
2012-10-18,0.00386783
2012-10-19,-0.00623781
2012-10-22,-0.00439862
2012-10-23,-0.00040219
2012-10-24,0.00929616
2012-10-25,0.00418775
2012-10-26,0.00043356
2012-10-29,-0.00334900
2012-10-30,-0.00055134
2012-10-31,0.00557830
2012-11-01,-0.00167759
2012-11-02,0.00737689
2012-11-05,-0.00533136
2012-11-06,-0.00045521
2012-11-07,0.00869244
2012-11-08,-0.00818527
2012-11-09,0.00619786
2012-11-12,-0.00748120
2012-11-13,0.00044464
2012-11-14,0.00007359
2012-11-15,0.00455932
2012-11-16,-0.01334544
2012-11-19,-0.00778014
2012-11-20,-0.00169707
2012-11-21,0.00101603
2012-11-22,-0.00316948
2012-11-23,-0.00014390
2012-11-26,-0.00448778
2012-11-27,-0.00095573
2012-11-28,-0.00296045
2012-11-29,0.00194810
2012-11-30,0.00346639
2012-12-03,0.00729819
2012-12-04,-0.00210388
2012-12-05,-0.00058096
2012-12-06,0.00106485
2012-12-07,-0.00047714
2012-12-10,0.00061604
2012-12-11,-0.00617980
2012-12-12,0.00252290
2012-12-13,-0.00326836
2012-12-14,-0.00345633
2012-12-17,-0.00629657
2012-12-18,0.00607451
2012-12-19,0.00021726
2012-12-20,0.00602271
2012-12-21,0.00207536
2012-12-24,-0.00681512
2012-12-25,-0.00402663
2012-12-26,0.00426069
2012-12-27,-0.00259557
2012-12-28,-0.00405655
2012-12-31,0.00004279
2013-01-01,0.00005365
2013-01-02,-0.00370340
2013-01-03,-0.00061765
2013-01-04,-0.00130322
2013-01-07,-0.01080495
2013-01-08,0.00311199
2013-01-09,-0.00280119
2013-01-10,0.00671998
2013-01-11,-0.00432556
2013-01-14,-0.00625819
2013-01-15,0.00619431
2013-01-16,-0.00628275
2013-01-17,-0.00201278
2013-01-18,0.00353802
2013-01-21,-0.00063341
2013-01-22,-0.00659962
2013-01-23,0.00169616
2013-01-24,-0.00002445
2013-01-25,0.00662735
2013-01-28,0.00349892
2013-01-29,0.01451071
2013-01-30,-0.00655652
2013-01-31,0.00075246
2013-02-01,-0.00394995
2013-02-04,0.00604638
2013-02-05,0.00454827
2013-02-06,0.00424317
2013-02-07,-0.00264799
2013-02-08,-0.00250318
2013-02-11,-0.00828356
2013-02-12,0.00854275
2013-02-13,0.00313699
2013-02-14,-0.00032387
2013-02-15,0.00505082
2013-02-18,0.00422912
2013-02-19,0.00523869
2013-02-20,-0.00645592
2013-02-21,-0.00236226
2013-02-22,0.00172949
2013-02-25,0.00244940
2013-02-26,0.00515756
2013-02-27,-0.00368886
2013-02-28,0.00142244
2013-03-01,0.01077409
2013-03-04,0.00396365
2013-03-05,0.00365241
2013-03-06,0.01412826
2013-03-07,0.00767376
2013-03-08,-0.00054753
2013-03-11,-0.00059305
2013-03-12,0.00074008
2013-03-13,-0.00378073
2013-03-14,0.01039887
2013-03-15,-0.00032975
2013-03-18,0.00119874
2013-03-19,-0.00444450
2013-03-20,-0.00171998
2013-03-21,0.00461038
2013-03-22,0.00067721
2013-03-25,0.00738083
2013-03-26,-0.00006087
2013-03-27,-0.00004071
2013-03-28,0.00659507
2013-03-29,-0.00206877
2013-04-01,-0.00598894
2013-04-02,0.00670575
2013-04-03,0.00271385
2013-04-04,-0.00889338
2013-04-05,0.00105038
2013-04-08,-0.00096704
2013-04-09,0.00870178
2013-04-10,-0.00243046
2013-04-11,-0.00176346
2013-04-12,-0.00324680
2013-04-15,-0.00389325
2013-04-16,-0.00230223
2013-04-17,-0.00561166
2013-04-18,-0.00379039
2013-04-19,-0.00637963
2013-04-22,-0.00588775
2013-04-23,-0.00616854
2013-04-24,-0.00149522
2013-04-25,-0.00222660
2013-04-26,-0.00466912
2013-04-29,0.00300222
2013-04-30,0.00063366
2013-05-01,-0.00109389
2013-05-02,-0.00123788
2013-05-03,0.00801796
2013-05-06,0.00192916
2013-05-07,0.00298920
2013-05-08,-0.01078718
2013-05-09,-0.00209181
2013-05-10,-0.00891953
2013-05-13,-0.00106792
2013-05-14,0.00252990
2013-05-15,-0.00218434
2013-05-16,0.00318374
2013-05-17,-0.00375237
2013-05-20,0.00344111
2013-05-21,-0.00614124
2013-05-22,-0.00032760
2013-05-23,0.00273913
2013-05-24,0.00326164
2013-05-27,0.00027731
2013-05-28,0.00957871
2013-05-29,-0.00101489
2013-05-30,-0.00117948
2013-05-31,-0.01156778
2013-06-03,0.00881020
2013-06-04,-0.00081049
2013-06-05,-0.00444207
2013-06-06,0.00679407
2013-06-07,0.00640978
2013-06-10,0.00133747
2013-06-11,-0.00560715
2013-06-12,0.00273539
2013-06-13,-0.00194626
2013-06-14,-0.00441847
2013-06-17,0.00554518
2013-06-18,-0.00874666
2013-06-19,0.00340223
2013-06-20,0.00291710
2013-06-21,0.01007955
2013-06-24,0.00231328
2013-06-25,-0.00841294
2013-06-26,-0.00291254
2013-06-27,0.00114100
2013-06-28,0.00245004
2013-07-01,0.00526367
2013-07-02,-0.00796854
2013-07-03,-0.00063477
2013-07-04,0.00521437
2013-07-05,0.00779786
2013-07-08,0.00922461
2013-07-09,-0.00090599
2013-07-10,0.00578922
2013-07-11,0.00855271
2013-07-12,0.00624131
2013-07-15,0.00410658
2013-07-16,0.00457509
2013-07-17,-0.00270448
2013-07-18,-0.00566262
2013-07-19,0.00527282
2013-07-22,-0.00071180
2013-07-23,0.00072340
2013-07-24,-0.00175424
2013-07-25,-0.00091808
2013-07-26,0.00189737
2013-07-29,-0.00374837
2013-07-30,0.00115825
2013-07-31,0.00195725
2013-08-01,0.00050190
2013-08-02,-0.00249633
2013-08-05,0.00438979
2013-08-06,0.00927687
2013-08-07,-0.00185559
2013-08-08,0.00640508
2013-08-09,0.00485169
2013-08-12,-0.01108963
2013-08-13,-0.00257537
2013-08-14,-0.00201128
2013-08-15,0.00436797
2013-08-16,0.00169820
2013-08-19,0.00298479
2013-08-20,0.00371325
2013-08-21,-0.00319513
2013-08-22,-0.00250947
2013-08-23,-0.00465300
2013-08-26,0.00008378
2013-08-27,0.00031404
2013-08-28,0.00162042
2013-08-29,-0.00242288
2013-08-30,0.00492936
2013-09-02,0.00497700
2013-09-03,0.00780933
2013-09-04,0.00405089
2013-09-05,0.00168480
2013-09-06,0.00387591
2013-09-09,0.00359388
2013-09-10,-0.00208317
2013-09-11,0.00665223
2013-09-12,0.00858333
2013-09-13,0.00974629
2013-09-16,0.00100852
2013-09-17,0.00230922
2013-09-18,0.00272362
2013-09-19,0.00083854
2013-09-20,0.00363680
2013-09-23,0.00030469
2013-09-24,-0.00002203
2013-09-25,0.00876542
2013-09-26,0.00159122
2013-09-27,0.00115155
2013-09-30,0.00481909
2013-10-01,0.00152650
2013-10-02,0.00216230
2013-10-03,0.00056396
2013-10-04,-0.00464187
2013-10-07,0.00071063
2013-10-08,-0.00426598
2013-10-09,0.00179568
2013-10-10,0.00003378
2013-10-11,0.00490413
2013-10-14,0.00189721
2013-10-15,-0.01557341
2013-10-16,0.00125226
2013-10-17,-0.00653494
2013-10-18,-0.00227170
2013-10-21,-0.00298167
2013-10-22,-0.00009490
2013-10-23,0.00623417
2013-10-24,0.00384489
2013-10-25,0.00415602
2013-10-28,0.00229750
2013-10-29,-0.00295330
2013-10-30,-0.00336032
2013-10-31,-0.00577021
2013-11-01,0.01380556
2013-11-04,-0.00400750
2013-11-05,-0.00009424
2013-11-06,-0.00077175
2013-11-07,-0.00041494
2013-11-08,-0.00177823
2013-11-11,-0.00755755
2013-11-12,-0.00364187
2013-11-13,-0.00540801
2013-11-14,0.00027949
2013-11-15,-0.00222890
2013-11-18,-0.00224231
2013-11-19,0.00182146
2013-11-20,-0.00177253
2013-11-21,0.00504442
2013-11-22,-0.00088781
2013-11-25,0.00186321
2013-11-26,-0.00511384
2013-11-27,0.00380593
2013-11-28,-0.00097333
2013-11-29,0.00268941
2013-12-02,0.00233502
2013-12-03,0.00006951
2013-12-04,0.00182848
2013-12-05,-0.00088383
2013-12-06,0.00690749
2013-12-09,0.00505430
2013-12-10,0.00302122
2013-12-11,-0.00446063
2013-12-12,-0.00409688
2013-12-13,-0.00213738
2013-12-16,-0.00025251
2013-12-17,0.00286607
2013-12-18,-0.00318442
2013-12-19,0.00614683
2013-12-20,0.00086618
2013-12-23,-0.00820752
2013-12-24,-0.00128893
2013-12-25,-0.01078333
2013-12-26,-0.00253278
2013-12-27,-0.00162108
2013-12-30,-0.00189685
2013-12-31,-0.00061364
2014-01-01,-0.00092346
2014-01-02,-0.00182180
2014-01-03,0.00761124
2014-01-06,0.00631706
2014-01-07,-0.00428828
2014-01-08,0.00649255
2014-01-09,-0.00644615
2014-01-10,-0.00281575
2014-01-13,0.00771337
2014-01-14,-0.00922799
2014-01-15,0.00343654
2014-01-16,-0.00479072
2014-01-17,0.00020200
2014-01-20,0.00003909
2014-01-21,0.00848742
2014-01-22,-0.00279772
2014-01-23,0.00053943
2014-01-24,0.00367159
2014-01-27,-0.00028300
2014-01-28,-0.00284930
2014-01-29,0.00058360
2014-01-30,0.00127080
2014-01-31,0.00482825
2014-02-03,-0.00339374
2014-02-04,-0.00117109
2014-02-05,0.00230324
2014-02-06,0.00009775
2014-02-07,0.00001624
2014-02-10,0.00077349
2014-02-11,-0.00228128
2014-02-12,-0.00274861
2014-02-13,0.00283329
2014-02-14,-0.00407795
2014-02-17,0.00609423
2014-02-18,0.00182787
2014-02-19,-0.00489443
2014-02-20,0.00212362
2014-02-21,0.00160275
2014-02-24,0.00427973
2014-02-25,0.00606482
2014-02-26,-0.00079889
2014-02-27,-0.00233493
2014-02-28,-0.00187692
2014-03-03,-0.00356490
2014-03-04,-0.00250899
2014-03-05,0.00122186
2014-03-06,-0.00679064
2014-03-07,-0.00159411
2014-03-10,-0.00574075
2014-03-11,-0.00776047
2014-03-12,0.00864837
2014-03-13,0.00082026
2014-03-14,0.00203735
2014-03-17,0.00486082
2014-03-18,0.00830204
2014-03-19,0.00121222
2014-03-20,0.00283114
2014-03-21,0.00478053
2014-03-24,-0.00067119
2014-03-25,-0.00422737
2014-03-26,0.00492700
2014-03-27,-0.00620944
2014-03-28,0.00889977
2014-03-31,0.00476695
2014-04-01,0.00169461
2014-04-02,0.00107993
2014-04-03,0.00873111
2014-04-04,-0.00340802
2014-04-07,-0.00437087
2014-04-08,-0.00184161
2014-04-09,-0.00032809
2014-04-10,-0.00367911
2014-04-11,0.00154237
2014-04-14,0.00146175
2014-04-15,-0.00281236
2014-04-16,0.00806374
2014-04-17,-0.00541433
2014-04-18,-0.00489525
2014-04-21,0.00254254
2014-04-22,-0.00008367
2014-04-23,0.00272977
2014-04-24,-0.00193537
2014-04-25,-0.00380003
2014-04-28,-0.00205495
2014-04-29,-0.00222618
2014-04-30,0.00321248
2014-05-01,-0.00130981
2014-05-02,0.00427644
2014-05-05,0.00349634
2014-05-06,0.00553268
2014-05-07,0.00490324
2014-05-08,0.00437959
2014-05-09,0.00431434
2014-05-12,-0.00147512
2014-05-13,-0.00032848
2014-05-14,-0.00738557
2014-05-15,0.00216288
2014-05-16,-0.00218195
2014-05-19,0.00265695
2014-05-20,0.00322368
2014-05-21,-0.00523442
2014-05-22,-0.00371228
2014-05-23,-0.00072206
2014-05-26,-0.00147920
2014-05-27,0.00160159
2014-05-28,-0.00434941
2014-05-29,0.00106230
2014-05-30,-0.00674818
2014-06-02,-0.00884800
2014-06-03,0.00407499
2014-06-04,-0.00502391
2014-06-05,-0.00166963
2014-06-06,-0.00552813
2014-06-09,-0.00548992
2014-06-10,-0.00094485
2014-06-11,-0.00099558
2014-06-12,0.00527164
2014-06-13,0.00287280
2014-06-16,-0.00032503
2014-06-17,0.00425958
2014-06-18,0.00587449
2014-06-19,0.00270084
2014-06-20,-0.00097842
2014-06-23,0.00543372
2014-06-24,0.00880835
2014-06-25,0.00382240
2014-06-26,0.00881804
2014-06-27,0.00501970
2014-06-30,0.00466986
2014-07-01,-0.00405584
2014-07-02,-0.00416097
2014-07-03,0.00062732
2014-07-04,-0.00666256
2014-07-07,-0.00181829
2014-07-08,0.00475302
2014-07-09,-0.00214320
2014-07-10,0.00324936
2014-07-11,-0.00523063
2014-07-14,-0.00137138
2014-07-15,0.00545548
2014-07-16,0.00178831
2014-07-17,0.00215627
2014-07-18,0.00852126
2014-07-21,0.00668562
2014-07-22,-0.00309586
2014-07-23,0.00678054
2014-07-24,-0.00191860
2014-07-25,0.00077085
2014-07-28,0.00091846
2014-07-29,0.00567868
2014-07-30,-0.00423170
2014-07-31,0.00288337
2014-08-01,0.00320807
2014-08-04,0.00450181
2014-08-05,-0.00009674
2014-08-06,0.00536536
2014-08-07,-0.00235195
2014-08-08,0.00601176
2014-08-11,0.00243508
2014-08-12,-0.00545037
2014-08-13,0.00268564
2014-08-14,0.00165687
2014-08-15,-0.00075045
2014-08-18,-0.00246314
2014-08-19,-0.00023087
2014-08-20,-0.00563971
2014-08-21,0.00845824
2014-08-22,-0.00422725
2014-08-25,-0.00212577
2014-08-26,0.00600205
2014-08-27,0.00348264
2014-08-28,0.00409110
2014-08-29,0.00767519
2014-09-01,-0.00055464
2014-09-02,-0.00385923
2014-09-03,0.00464921
2014-09-04,0.00443325
2014-09-05,-0.00062100
2014-09-08,-0.00484511
2014-09-09,0.00642618
2014-09-10,0.00344131
2014-09-11,-0.00533063
2014-09-12,0.00435979
2014-09-15,-0.00563440
2014-09-16,-0.00132184
2014-09-17,-0.00420489
2014-09-18,-0.00202024
2014-09-19,-0.00289990
2014-09-22,-0.00190990
2014-09-23,0.00410919
2014-09-24,0.00217566
2014-09-25,0.00367929
2014-09-26,0.00576554
2014-09-29,-0.00082716
2014-09-30,0.00120953
2014-10-01,0.00327169
2014-10-02,0.00853032
2014-10-03,0.00489585
2014-10-06,0.00706698
2014-10-07,0.00543534
2014-10-08,0.00560769
2014-10-09,-0.00718102
2014-10-10,0.00509142
2014-10-13,-0.00306957
2014-10-14,0.00043335
2014-10-15,-0.00535682
2014-10-16,-0.00253265
2014-10-17,-0.00207288
2014-10-20,-0.00558345
2014-10-21,-0.00192345
2014-10-22,0.00080483
2014-10-23,-0.00406238
2014-10-24,-0.00293449
2014-10-27,0.00002872
2014-10-28,0.00267317
2014-10-29,-0.00387372
2014-10-30,0.00304648
2014-10-31,-0.00285801
2014-11-03,0.01312485
2014-11-04,-0.00338451
2014-11-05,-0.00270556
2014-11-06,0.00172302
2014-11-07,-0.00321071
2014-11-10,0.00457434
2014-11-11,0.00895637
2014-11-12,-0.00089429
2014-11-13,0.00162747
2014-11-14,-0.00147992
2014-11-17,0.00084987
2014-11-18,0.00729280
2014-11-19,0.00487411
2014-11-20,-0.00321901
2014-11-21,0.00780657
2014-11-24,0.00607928
2014-11-25,0.00303866
2014-11-26,-0.00211648
2014-11-27,0.00114568
2014-11-28,-0.00272960
2014-12-01,0.00295423
2014-12-02,-0.00057412
2014-12-03,-0.00920733
2014-12-04,0.00501791
2014-12-05,0.00171154
2014-12-08,0.00570317
2014-12-09,0.00023719
2014-12-10,0.00169810
2014-12-11,0.00586897
2014-12-12,0.00259509
2014-12-15,0.00214601
2014-12-16,0.01531476
2014-12-17,0.00008950
2014-12-18,0.00161134
2014-12-19,0.00865313
2014-12-22,-0.00277253
2014-12-23,-0.00383449
2014-12-24,-0.00559430
2014-12-25,0.00325148
2014-12-26,0.00366534
2014-12-29,0.00418669
2014-12-30,-0.00524102
2014-12-31,0.00537637
2015-01-01,0.00623770
2015-01-02,0.00041210
2015-01-05,0.00099655
2015-01-06,0.00389018
2015-01-07,0.00250215
2015-01-08,0.00373886
2015-01-09,-0.00403739
2015-01-12,0.00006420
2015-01-13,-0.00460613
2015-01-14,0.00369075
2015-01-15,0.00323597
2015-01-16,0.00040533
2015-01-19,0.00218560
2015-01-20,-0.00615432
2015-01-21,0.00471066
2015-01-22,-0.00125272
2015-01-23,0.00143073
2015-01-26,0.00586916
2015-01-27,-0.00255425
2015-01-28,0.00623755
2015-01-29,0.00140834
2015-01-30,0.00097686
2015-02-02,0.00335221
2015-02-03,-0.00476162
2015-02-04,0.00352348
2015-02-05,0.00112679
2015-02-06,0.00551325
2015-02-09,-0.00012563
2015-02-10,-0.00078493
2015-02-11,0.00251337
2015-02-12,0.00058284
2015-02-13,-0.00443286
2015-02-16,-0.00002281
2015-02-17,0.00655434
2015-02-18,0.00043103
2015-02-19,-0.00306707
2015-02-20,0.00407172
2015-02-23,-0.00749050
2015-02-24,-0.00869120
2015-02-25,0.00083132
2015-02-26,0.00166416
2015-02-27,0.00184180
2015-03-02,-0.00316752
2015-03-03,0.00017275
2015-03-04,-0.00544430
2015-03-05,-0.00885388
2015-03-06,0.00074788
2015-03-09,-0.01118983
2015-03-10,0.01269047
2015-03-11,-0.00487831
2015-03-12,-0.01378332
2015-03-13,0.01104143
2015-03-16,-0.00245471
2015-03-17,0.00373876
2015-03-18,0.00166582
2015-03-19,0.01096275
2015-03-20,0.00357601
2015-03-23,-0.01261842
2015-03-24,-0.00045590
2015-03-25,-0.00246459
2015-03-26,-0.00006866
2015-03-27,0.00091060
2015-03-30,-0.00208014
2015-03-31,-0.00403213
2015-04-01,0.00698532
2015-04-02,0.00353804
2015-04-03,-0.00216833
2015-04-06,0.00390842
2015-04-07,0.00388831
2015-04-08,0.00655288
2015-04-09,-0.00389891
2015-04-10,0.00435947
2015-04-13,-0.00188505
2015-04-14,0.00604770
2015-04-15,-0.00001602
2015-04-16,-0.00937301
2015-04-17,0.00100909
2015-04-20,-0.00717873
2015-04-21,-0.00012717
2015-04-22,0.00058814
2015-04-23,-0.00095587
2015-04-24,-0.00584114
2015-04-27,-0.00417078
2015-04-28,-0.00295066
2015-04-29,-0.00026649
2015-04-30,0.00664825
2015-05-01,0.00404088
2015-05-04,-0.00127488
2015-05-05,0.00658245
2015-05-06,-0.00530628
2015-05-07,0.00393260
2015-05-08,0.00006144
2015-05-11,0.00191346
2015-05-12,0.00372308
2015-05-13,-0.00220809
2015-05-14,0.00445521
2015-05-15,0.00080811
2015-05-18,0.01170310
2015-05-19,-0.00051917
2015-05-20,0.00656129
2015-05-21,0.00376191
2015-05-22,-0.00443357
2015-05-25,0.00697280
2015-05-26,-0.00392185
2015-05-27,-0.00919398
2015-05-28,0.00468992
2015-05-29,0.00566029
2015-06-01,0.00108412
2015-06-02,-0.00032459
2015-06-03,0.00797657
2015-06-04,0.00405341
2015-06-05,-0.00210140
2015-06-08,0.00414190
2015-06-09,-0.00474481
2015-06-10,-0.00166536
2015-06-11,-0.00388009
2015-06-12,-0.00905008
2015-06-15,-0.00444782
2015-06-16,0.00635048
2015-06-17,-0.00409020
2015-06-18,-0.00162514
2015-06-19,-0.00437438
2015-06-22,0.00474523
2015-06-23,0.00085539
2015-06-24,0.00305835
2015-06-25,0.00037441
2015-06-26,-0.00441962
2015-06-29,-0.00353274
2015-06-30,0.00461770
2015-07-01,0.00059167
2015-07-02,0.00433481
2015-07-03,-0.01338168
2015-07-06,0.00584549
2015-07-07,-0.00137285
2015-07-08,0.01062786
2015-07-09,-0.00144840
2015-07-10,0.00097721
2015-07-13,0.00382170
2015-07-14,-0.00309108
2015-07-15,0.00477732
2015-07-16,-0.00205347
2015-07-17,0.00665096
2015-07-20,0.00441943
2015-07-21,0.00308036
2015-07-22,-0.00240887
2015-07-23,-0.00009757
2015-07-24,0.00219960
2015-07-27,-0.00830004
2015-07-28,-0.00163287
2015-07-29,0.00507133
2015-07-30,-0.00485681
2015-07-31,0.00660540
2015-08-03,-0.00197742
2015-08-04,0.00230466
2015-08-05,-0.00431449
2015-08-06,0.00302970
2015-08-07,0.00293228
2015-08-10,0.00596368
2015-08-11,0.00694332
2015-08-12,0.00649086
2015-08-13,0.00179014
2015-08-14,-0.00466774
2015-08-17,0.00680694
2015-08-18,-0.00501861
2015-08-19,-0.00112419
2015-08-20,0.00416699
2015-08-21,0.00284601
2015-08-24,0.00801879
2015-08-25,0.00083176
2015-08-26,-0.00675531
2015-08-27,-0.00038866
2015-08-28,0.00163327
2015-08-31,-0.00072774
2015-09-01,0.00720604
2015-09-02,-0.00026426
2015-09-03,-0.00561131
2015-09-04,0.00295055
2015-09-07,-0.00431458
2015-09-08,0.00849952
2015-09-09,0.00206542
2015-09-10,-0.00546478
2015-09-11,0.00570726
2015-09-14,0.01151161
2015-09-15,-0.00816825
2015-09-16,0.00491383
2015-09-17,0.00302812
2015-09-18,0.00164056
2015-09-21,0.00239498
2015-09-22,0.00306349
2015-09-23,-0.00226852
2015-09-24,0.00719945
2015-09-25,-0.00522286
2015-09-28,0.00966354
2015-09-29,0.00772459
2015-09-30,-0.00448761
2015-10-01,0.00082570
2015-10-02,0.00723937
2015-10-05,-0.00135947
2015-10-06,0.00011916
2015-10-07,-0.00096070
2015-10-08,0.00610363
2015-10-09,-0.00188457
2015-10-12,0.00304708
2015-10-13,-0.00628280
2015-10-14,-0.01529651
2015-10-15,-0.01578242
2015-10-16,-0.00161966
2015-10-19,-0.00486637
2015-10-20,-0.01069142
2015-10-21,-0.01381081
2015-10-22,0.00406463
2015-10-23,-0.00547075
2015-10-26,0.00092792
2015-10-27,-0.00193124
2015-10-28,0.01177575
2015-10-29,-0.00723618
2015-10-30,0.00171985
2015-11-02,-0.00065188
2015-11-03,-0.00262009
2015-11-04,0.00226846
2015-11-05,0.00155013
2015-11-06,-0.00396007
2015-11-09,0.00276825
2015-11-10,0.00260126
2015-11-11,0.00674261
2015-11-12,-0.00189487
2015-11-13,0.00746700
2015-11-16,-0.00003568
2015-11-17,-0.00804206
2015-11-18,0.00320393
2015-11-19,0.00048284
2015-11-20,-0.00312058
2015-11-23,0.00504958
2015-11-24,-0.00127233
2015-11-25,0.00542599
2015-11-26,0.00047784
2015-11-27,0.00422645
2015-11-30,0.00390765
2015-12-01,0.00297926
2015-12-02,-0.00379420
2015-12-03,0.00498871
2015-12-04,0.00094793
2015-12-07,0.00986017
2015-12-08,0.00300401
2015-12-09,0.00423007
2015-12-10,-0.00259202
2015-12-11,-0.00097764
2015-12-14,0.00128523
2015-12-15,-0.00441714
2015-12-16,-0.00441625
2015-12-17,0.00036138
2015-12-18,0.00049958
2015-12-21,0.00175934
2015-12-22,0.00587697
2015-12-23,-0.00095152
2015-12-24,0.00391394
2015-12-25,0.00019914
2015-12-28,-0.00002305
2015-12-29,0.00200681
2015-12-30,-0.00845478
2015-12-31,0.00114861
2016-01-01,-0.00202216
2016-01-04,-0.00333427
2016-01-05,-0.00764146
2016-01-06,-0.00114301
2016-01-07,-0.00759846
2016-01-08,0.00476555
2016-01-11,-0.00022688
2016-01-12,-0.00671932
2016-01-13,-0.00218086
2016-01-14,0.00424729
2016-01-15,-0.00182698
2016-01-18,-0.00041548
2016-01-19,-0.00081132
2016-01-20,0.00027276
2016-01-21,-0.00679895
2016-01-22,0.00064543
2016-01-25,-0.00166142
2016-01-26,0.01414201
2016-01-27,-0.00010854
2016-01-28,-0.00120031
2016-01-29,0.00529815
2016-02-01,0.00014786
2016-02-02,0.00199004
2016-02-03,-0.00308352
2016-02-04,0.00784853
2016-02-05,-0.00197454
2016-02-08,0.00253908
2016-02-09,0.00594561
2016-02-10,-0.00052027
2016-02-11,0.00084933
2016-02-12,0.00348931
2016-02-15,0.00392207
2016-02-16,-0.00405544
2016-02-17,0.00166667
2016-02-18,-0.00340416
2016-02-19,-0.00250417
2016-02-22,-0.00206776
2016-02-23,0.00632190
2016-02-24,0.00803460
2016-02-25,0.01257454
2016-02-26,0.00059552
2016-02-29,-0.00293633
2016-03-01,-0.00351267
2016-03-02,0.00808366
2016-03-03,-0.00607270
2016-03-04,-0.00057636
2016-03-07,0.00780269
2016-03-08,0.00189993
2016-03-09,0.00475947
2016-03-10,-0.00728756
2016-03-11,-0.00183710
2016-03-14,-0.00926586
2016-03-15,-0.00871201
2016-03-16,-0.01100098
2016-03-17,-0.00153132
2016-03-18,-0.00052865
2016-03-21,-0.00346156
2016-03-22,-0.00368536
2016-03-23,0.00222931
2016-03-24,-0.00128862
2016-03-25,0.00036940
2016-03-28,-0.00018356
2016-03-29,0.00290740
2016-03-30,0.00015576
2016-03-31,0.00472693
2016-04-01,0.00131349
2016-04-04,0.00485065
2016-04-05,0.00646187
2016-04-06,-0.00572214
2016-04-07,0.00499898
2016-04-08,0.00887270
2016-04-11,-0.00352638
2016-04-12,0.00070658
2016-04-13,-0.00075742
2016-04-14,0.00283375
2016-04-15,0.00318996
2016-04-18,-0.00216183
2016-04-19,0.00675650
2016-04-20,-0.00300506
2016-04-21,0.00022756
2016-04-22,0.00545617
2016-04-25,0.00964047
2016-04-26,-0.00145695
2016-04-27,0.00437033
2016-04-28,0.00184019
2016-04-29,-0.00627100
2016-05-02,-0.00344835
2016-05-03,-0.00457147
2016-05-04,-0.00141493
2016-05-05,-0.00102555
2016-05-06,0.00097577
2016-05-09,0.00659962
2016-05-10,0.00275114
2016-05-11,0.01278878
2016-05-12,-0.00024543
2016-05-13,0.00440164
2016-05-16,0.00271485
2016-05-17,0.00762955
2016-05-18,-0.00085422
2016-05-19,0.00465366
2016-05-20,0.00818083
2016-05-23,-0.00239366
2016-05-24,0.00051308
2016-05-25,0.00311938
2016-05-26,-0.00110651
2016-05-27,-0.00308860
2016-05-30,0.00909730
2016-05-31,-0.00018343
2016-06-01,0.00865342
2016-06-02,-0.00143791
2016-06-03,-0.00008190
2016-06-06,0.00443713
2016-06-07,-0.00007709
2016-06-08,-0.00319491
2016-06-09,-0.00238960
2016-06-10,0.00207703
2016-06-13,-0.00214751
2016-06-14,0.00124630
2016-06-15,-0.00930779
2016-06-16,-0.00166155
2016-06-17,0.00003860
2016-06-20,-0.00145689
2016-06-21,-0.00362114
2016-06-22,-0.00312577
2016-06-23,0.00116734
2016-06-24,0.00754177
2016-06-27,-0.00544292
2016-06-28,-0.00039317
2016-06-29,0.00524672
2016-06-30,0.00235506
2016-07-01,0.00042809
2016-07-04,-0.00117821
2016-07-05,0.00090968
2016-07-06,0.00039521
2016-07-07,-0.00898908
2016-07-08,-0.00237102
2016-07-11,-0.00792315
2016-07-12,0.00665975
2016-07-13,0.00455192
2016-07-14,-0.00269705
2016-07-15,0.00447195
2016-07-18,0.01186891
2016-07-19,-0.00195384
2016-07-20,0.00669674
2016-07-21,0.00248127
2016-07-22,-0.00021515
2016-07-25,-0.00412660
2016-07-26,-0.00165166
2016-07-27,-0.00092711
2016-07-28,-0.00957099
2016-07-29,0.00323708
2016-08-01,-0.00059779
2016-08-02,0.00291660
2016-08-03,-0.00103652
2016-08-04,0.01434223
2016-08-05,-0.00660778
2016-08-08,-0.00334877
2016-08-09,0.00402342
2016-08-10,0.01146310
2016-08-11,-0.00361588
2016-08-12,0.00908147
2016-08-15,-0.00327663
2016-08-16,0.00667015
2016-08-17,0.00118928
2016-08-18,0.01088499
2016-08-19,0.00886893
2016-08-22,-0.00206475
2016-08-23,0.01406066
2016-08-24,-0.00420871
2016-08-25,-0.00056129
2016-08-26,0.00898556
2016-08-29,-0.00245652
2016-08-30,-0.00203608
2016-08-31,0.00143784
2016-09-01,0.00288619
2016-09-02,0.00259232
2016-09-05,-0.00250564
2016-09-06,0.00173602
2016-09-07,0.00371841
2016-09-08,0.00761796
2016-09-09,0.00232672
2016-09-12,-0.00478841
2016-09-13,0.00097788
2016-09-14,-0.00194267
2016-09-15,0.00678564
2016-09-16,-0.00668940
2016-09-19,0.00336880
2016-09-20,-0.00394428
2016-09-21,0.00657426
2016-09-22,0.00432023
2016-09-23,0.00183699
2016-09-26,0.00312222
2016-09-27,-0.00066596
2016-09-28,0.00389100
2016-09-29,0.00062668
2016-09-30,0.00414042
2016-10-03,0.00111359
2016-10-04,-0.01031536
2016-10-05,-0.00146146
2016-10-06,0.00767872
2016-10-07,0.00738643
2016-10-10,-0.00043573
2016-10-11,0.00212475
2016-10-12,-0.00341888
2016-10-13,0.01022481
2016-10-14,-0.00556794
2016-10-17,0.00627256
2016-10-18,-0.00521447
2016-10-19,0.00007391
2016-10-20,0.00166453
2016-10-21,-0.01282893
2016-10-24,0.00371571
2016-10-25,-0.00464490
2016-10-26,0.00186861
2016-10-27,-0.00077359
2016-10-28,-0.00186003
2016-10-31,0.00097014
2016-11-01,0.00839358
2016-11-02,0.00214967
2016-11-03,-0.00048050
2016-11-04,-0.00578017
2016-11-07,0.00315507
2016-11-08,0.00596517
2016-11-09,0.00358319
2016-11-10,0.00609679
2016-11-11,0.00299469
2016-11-14,-0.00501474
2016-11-15,0.00064773
2016-11-16,0.00321191
2016-11-17,0.00409455
2016-11-18,-0.00136884
2016-11-21,0.00056486
2016-11-22,0.00249641
2016-11-23,0.00657082
2016-11-24,0.00537357
2016-11-25,0.00375843
2016-11-28,0.00263300
2016-11-29,-0.00376377
2016-11-30,-0.00410432
2016-12-01,0.00043665
2016-12-02,0.00553713
2016-12-05,0.00262909
2016-12-06,0.00337493
2016-12-07,-0.00590700
2016-12-08,-0.00572744
2016-12-09,0.00588948
2016-12-12,0.00069413
2016-12-13,-0.00506160
2016-12-14,0.00481975
2016-12-15,0.00201116
2016-12-16,0.01413159
2016-12-19,0.00647500
2016-12-20,0.00241014
2016-12-21,0.00017001
2016-12-22,0.00189533
2016-12-23,0.00038807
2016-12-26,-0.00562459
2016-12-27,0.00502385
2016-12-28,0.00208686
2016-12-29,-0.01154618
2016-12-30,-0.00200985
2017-01-02,-0.00287934
2017-01-03,0.00526401
2017-01-04,0.00065175
2017-01-05,0.00754333
2017-01-06,-0.00631184
2017-01-09,-0.00399104
2017-01-10,0.00565193
2017-01-11,-0.00209850
2017-01-12,-0.00391385
2017-01-13,-0.00152002
2017-01-16,-0.00256921
2017-01-17,0.00327698
2017-01-18,0.00588175
2017-01-19,-0.00629114
2017-01-20,-0.00045849
2017-01-23,0.00091410
2017-01-24,0.00121987
2017-01-25,0.00459965
2017-01-26,0.00138931
2017-01-27,-0.00175912
2017-01-30,-0.00415352
2017-01-31,-0.00736119
2017-02-01,-0.00082000
2017-02-02,0.00091484
2017-02-03,0.00499776
2017-02-06,-0.00084996
2017-02-07,0.01130667
2017-02-08,0.00050584
2017-02-09,-0.00132505
2017-02-10,0.00256268
2017-02-13,-0.00351752
2017-02-14,0.00179009
2017-02-15,-0.00843844
2017-02-16,0.00389242
2017-02-17,0.00115005
2017-02-20,0.00179757
2017-02-21,0.00154664
2017-02-22,-0.00488190
2017-02-23,-0.00319380
2017-02-24,0.00789891
2017-02-27,0.00307569
2017-02-28,-0.00183768
2017-03-01,0.00274486
2017-03-02,0.00268470
2017-03-03,0.00964518
2017-03-06,0.00731359
2017-03-07,0.00853081
2017-03-08,-0.00583004
2017-03-09,-0.01081549
2017-03-10,0.00280403
2017-03-13,0.01086575
2017-03-14,0.00552735
2017-03-15,0.01547866
2017-03-16,-0.00200086
2017-03-17,-0.00248810
2017-03-20,-0.00253002
2017-03-21,-0.01119665
2017-03-22,0.00118155
2017-03-23,0.00711602
2017-03-24,-0.00155893
2017-03-27,0.00172949
2017-03-28,-0.00299324
2017-03-29,-0.00136277
2017-03-30,0.00213389
2017-03-31,-0.00453099
2017-04-03,0.00613315
2017-04-04,-0.00778442
2017-04-05,0.00230005
2017-04-06,-0.00136167
2017-04-07,0.00755115
2017-04-10,0.00427830
2017-04-11,-0.00852872
2017-04-12,-0.01005078
2017-04-13,-0.00365610
2017-04-14,-0.00141002
2017-04-17,-0.00000053
2017-04-18,0.00098610
2017-04-19,0.00388118
2017-04-20,-0.00529696
2017-04-21,-0.00725246
2017-04-24,0.00198608
2017-04-25,-0.00077441
2017-04-26,0.00038482
2017-04-27,-0.00203823
2017-04-28,0.00007056
2017-05-01,0.00753928
2017-05-02,-0.00645472
2017-05-03,-0.00466489
2017-05-04,0.00373721
2017-05-05,0.00790333
2017-05-08,-0.00007542
2017-05-09,-0.00483222
2017-05-10,-0.00815504
2017-05-11,0.00202244
2017-05-12,-0.00477209
2017-05-15,0.01064011
2017-05-16,0.01138722
2017-05-17,0.00186836
2017-05-18,0.00303458
2017-05-19,0.00031939
2017-05-22,0.00598808
2017-05-23,0.00083618
2017-05-24,0.00113511
2017-05-25,0.00697181
2017-05-26,0.00366782
2017-05-29,0.01043942
2017-05-30,-0.00651573
2017-05-31,-0.00165012
2017-06-01,-0.00321758
2017-06-02,0.00463801
2017-06-05,-0.00137116
2017-06-06,0.00356049
2017-06-07,-0.00441045
2017-06-08,0.00042547
2017-06-09,0.01118648
2017-06-12,0.00822266
2017-06-13,-0.00760339
2017-06-14,0.00249064
2017-06-15,0.00456859
2017-06-16,-0.00137033
2017-06-19,-0.00411071
2017-06-20,0.00382895
2017-06-21,0.00130371
2017-06-22,0.00333643
2017-06-23,0.00013877
2017-06-26,0.01134024
2017-06-27,-0.00326228
2017-06-28,-0.00138199
2017-06-29,0.00316698
2017-06-30,0.00414284
2017-07-03,-0.00535421
2017-07-04,0.00668791
2017-07-05,-0.00571153
2017-07-06,0.00087880
2017-07-07,-0.00053162
2017-07-10,-0.00233431
2017-07-11,0.00594963
2017-07-12,-0.00971174
2017-07-13,-0.00243852
2017-07-14,-0.00321244
2017-07-17,0.00478704
2017-07-18,0.00782690
2017-07-19,0.00433961
2017-07-20,0.00712878
2017-07-21,-0.00916049
2017-07-24,0.00158620
2017-07-25,-0.00537365
2017-07-26,-0.00083734
2017-07-27,0.00195102
2017-07-28,0.00127581
2017-07-31,0.00704089
2017-08-01,-0.00805386
2017-08-02,-0.00291081
2017-08-03,-0.00581283
2017-08-04,-0.00652456
2017-08-07,0.00537601
2017-08-08,0.00167088
2017-08-09,0.00785476
2017-08-10,0.00618343
2017-08-11,0.00115668
2017-08-14,-0.00351327
2017-08-15,0.00531306
2017-08-16,-0.00226221
2017-08-17,-0.00454741
2017-08-18,-0.00432685
2017-08-21,0.00139836
2017-08-22,0.00654488
2017-08-23,0.00108674
2017-08-24,0.00635993
2017-08-25,0.00126104
2017-08-28,-0.00106902
2017-08-29,0.01309528
2017-08-30,0.00904470
2017-08-31,0.00173608
2017-09-01,-0.00289488
2017-09-04,-0.00639063
2017-09-05,0.00265611
2017-09-06,-0.00029980
2017-09-07,0.00295150
2017-09-08,0.00230369
2017-09-11,0.00281324
2017-09-12,0.00599002
2017-09-13,0.00226399
2017-09-14,-0.00240550
2017-09-15,-0.00261747
2017-09-18,0.00347407
2017-09-19,-0.00397322
2017-09-20,0.00408254
2017-09-21,0.00406387
2017-09-22,0.00065252
2017-09-25,-0.00266640
2017-09-26,-0.00714352
2017-09-27,-0.00420784
2017-09-28,-0.00646668
2017-09-29,0.00097002
2017-10-02,-0.00114029
2017-10-03,-0.00329298
2017-10-04,0.00477672
2017-10-05,0.00143198
2017-10-06,0.00106414
2017-10-09,0.00336153
2017-10-10,-0.00510291
2017-10-11,-0.00782356
2017-10-12,0.00234815
2017-10-13,0.00694895
2017-10-16,0.00914724
2017-10-17,-0.00891454
2017-10-18,0.01227478
2017-10-19,0.01070004
2017-10-20,0.00992191
2017-10-23,0.00297314
2017-10-24,-0.00367666
2017-10-25,0.01140412
2017-10-26,-0.00557109
2017-10-27,-0.00305915
2017-10-30,-0.00020300
2017-10-31,-0.00356189
2017-11-01,0.00322245
2017-11-02,0.00209543
2017-11-03,0.00136079
2017-11-06,0.00937213
2017-11-07,-0.00650286
2017-11-08,0.00699874
2017-11-09,-0.00286093
2017-11-10,0.00742974
2017-11-13,0.00942346
2017-11-14,0.01120699
2017-11-15,-0.00000731
2017-11-16,-0.00438467
2017-11-17,0.00232567
2017-11-20,0.00060984
2017-11-21,-0.00708282
2017-11-22,0.00415995
2017-11-23,-0.00330205
2017-11-24,0.00733904
2017-11-27,0.00519324
2017-11-28,-0.00041602
2017-11-29,0.00101274
2017-11-30,-0.00024155
2017-12-01,-0.00120827
2017-12-04,0.01479240
2017-12-05,-0.00336289
2017-12-06,0.00109902
2017-12-07,0.00531162
2017-12-08,-0.00087953
2017-12-11,-0.00197844
2017-12-12,-0.00513095
2017-12-13,0.00621416
2017-12-14,0.00405401
2017-12-15,0.00296470
2017-12-18,-0.00593958
2017-12-19,0.00311612
2017-12-20,0.00213387
2017-12-21,-0.00067129
2017-12-22,-0.00534533
2017-12-25,0.00059493
2017-12-26,-0.00306879
2017-12-27,0.00121016
2017-12-28,0.00113503
2017-12-29,-0.00067171
2018-01-01,0.00481911
2018-01-02,0.00055277
2018-01-03,0.00323089
2018-01-04,0.00273281
2018-01-05,0.00538678
2018-01-08,-0.00348827
2018-01-09,-0.00070387
2018-01-10,0.00499898
2018-01-11,0.00154090
2018-01-12,0.00591612
2018-01-15,0.00420359
2018-01-16,-0.00115106
2018-01-17,0.00481230
2018-01-18,-0.00030869
2018-01-19,0.00515472
2018-01-22,0.00919194
2018-01-23,0.00576218
2018-01-24,0.01115275
2018-01-25,-0.00613212
2018-01-26,-0.00161769
2018-01-29,-0.00034855
2018-01-30,-0.00095131
2018-01-31,0.00252602
2018-02-01,-0.00080649
2018-02-02,0.00582748
2018-02-05,0.00528142
2018-02-06,0.00271063
2018-02-07,-0.00370496
2018-02-08,0.00331318
2018-02-09,0.00388431
2018-02-12,0.00244248
2018-02-13,0.00098503
2018-02-14,0.00715151
2018-02-15,-0.00161771
2018-02-16,-0.00080014
2018-02-19,0.00385175
2018-02-20,0.00323856
2018-02-21,0.00468669
2018-02-22,-0.00042805
2018-02-23,-0.00506618
2018-02-26,-0.00471912
2018-02-27,-0.00109703
2018-02-28,0.00441591
2018-03-01,0.00441519
2018-03-02,-0.00732160
2018-03-05,0.00172917
2018-03-06,0.00830517
2018-03-07,0.00600230
2018-03-08,0.00791715
2018-03-09,0.00699854
2018-03-12,-0.00559073
2018-03-13,0.00587905
2018-03-14,-0.00380482
2018-03-15,0.00929600
2018-03-16,-0.00900634
2018-03-19,-0.00151613
2018-03-20,-0.00432203
2018-03-21,0.00564100
2018-03-22,-0.00060729
2018-03-23,-0.00040024
2018-03-26,-0.00381990
2018-03-27,-0.00092542
2018-03-28,0.00753228
2018-03-29,0.00421730
2018-03-30,-0.00642829
2018-04-02,-0.00360368
2018-04-03,0.00371020
2018-04-04,-0.00139155
2018-04-05,-0.00163958
2018-04-06,-0.00302221
2018-04-09,-0.00513981
2018-04-10,0.00127880
2018-04-11,-0.00086122
2018-04-12,0.00598170
2018-04-13,0.00054981
2018-04-16,-0.00349327
2018-04-17,0.00397212
2018-04-18,0.00690766
2018-04-19,-0.00246082
2018-04-20,-0.00681159
2018-04-23,-0.00130535
2018-04-24,-0.00522459
2018-04-25,0.00823728
2018-04-26,-0.00539485
2018-04-27,-0.00062463
2018-04-30,0.00748085
2018-05-01,0.00477046
2018-05-02,-0.00146148
2018-05-03,-0.00267379
2018-05-04,0.00003327
2018-05-07,-0.00023070
2018-05-08,0.00758379
2018-05-09,0.00015401
2018-05-10,-0.00522486
2018-05-11,0.00528598
2018-05-14,0.00551440
2018-05-15,-0.00017058
2018-05-16,0.00432456
2018-05-17,0.00108061
2018-05-18,-0.00458059
2018-05-21,0.00048516
2018-05-22,-0.00430105
2018-05-23,-0.00200370
2018-05-24,-0.00337504
2018-05-25,0.00234780
2018-05-28,0.00168918
2018-05-29,-0.00508856
2018-05-30,-0.00328935
2018-05-31,0.00083789
2018-06-01,0.00293966
2018-06-04,0.00117509
2018-06-05,-0.00908058
2018-06-06,0.00664107
2018-06-07,0.00882540
2018-06-08,0.00797707
2018-06-11,0.00329847
2018-06-12,0.00387394
2018-06-13,-0.00209387
2018-06-14,0.00169860
2018-06-15,-0.00423783
2018-06-18,0.00139792
2018-06-19,-0.00558362
2018-06-20,0.00348341
2018-06-21,-0.00074550
2018-06-22,0.00430181
2018-06-25,0.00167158
2018-06-26,-0.00121802
2018-06-27,0.00464497
2018-06-28,-0.00443032
2018-06-29,-0.00034184
2018-07-02,-0.00156895
2018-07-03,0.00419788
2018-07-04,0.00051018
2018-07-05,0.00206508
2018-07-06,0.00321462
2018-07-09,-0.00970752
2018-07-10,-0.00331843
2018-07-11,0.00137168
2018-07-12,0.00540614
2018-07-13,0.00342664
2018-07-16,0.00674845
2018-07-17,-0.00014731
2018-07-18,0.00130306
2018-07-19,-0.00139910
2018-07-20,-0.00111053
2018-07-23,-0.00288697
2018-07-24,-0.00159476
2018-07-25,-0.00000711
2018-07-26,-0.00208199
2018-07-27,0.00096959
2018-07-30,-0.00733385
2018-07-31,0.00277570
2018-08-01,0.00164856
2018-08-02,0.00285803
2018-08-03,-0.00123574
2018-08-06,-0.00143699
2018-08-07,0.00527062
2018-08-08,0.00015473
2018-08-09,0.00978947
2018-08-10,-0.00547753
2018-08-13,-0.00026314
2018-08-14,-0.00422318
2018-08-15,-0.00269035
2018-08-16,-0.00270496
2018-08-17,-0.00131330
2018-08-20,0.00437279
2018-08-21,-0.00429752
2018-08-22,0.00359505
2018-08-23,-0.00563399
2018-08-24,-0.00097487
2018-08-27,0.00678914
2018-08-28,0.00292919
2018-08-29,0.00207526
2018-08-30,0.00368548
2018-08-31,0.00344189
2018-09-03,0.00367603
2018-09-04,0.00716648
2018-09-05,-0.00382304
2018-09-06,0.00053167
2018-09-07,0.00371771
2018-09-10,0.00422339
2018-09-11,0.00336126
2018-09-12,0.00672941
2018-09-13,-0.00140448
2018-09-14,-0.00522374
2018-09-17,0.00657574
2018-09-18,0.00084639
2018-09-19,-0.00161909
2018-09-20,0.00101092
2018-09-21,-0.00109524
2018-09-24,0.00537794
2018-09-25,0.00485575
2018-09-26,0.00225280
2018-09-27,0.00328391
2018-09-28,0.00099673
2018-10-01,0.00546929
2018-10-02,-0.00978494
2018-10-03,-0.00440688
2018-10-04,0.00067031
2018-10-05,-0.00101065
2018-10-08,-0.00342732
2018-10-09,0.00363986
2018-10-10,-0.00324856
2018-10-11,0.00075549
2018-10-12,-0.00504033
2018-10-15,0.00863236
2018-10-16,0.00370228
2018-10-17,-0.01060908
2018-10-18,0.00698100
2018-10-19,0.00751086
2018-10-22,-0.00300437
2018-10-23,0.00142801
2018-10-24,-0.00032779
2018-10-25,-0.00024579
2018-10-26,-0.00470085
2018-10-29,0.00293757
2018-10-30,0.00071571
2018-10-31,0.00446972
2018-11-01,-0.00572732
2018-11-02,-0.00422142
2018-11-05,0.01725823
2018-11-06,-0.00311023
2018-11-07,0.00214412
2018-11-08,0.00281990
2018-11-09,-0.00356983
2018-11-12,0.00862423
2018-11-13,0.00055471
2018-11-14,0.00152266
2018-11-15,0.00903274
2018-11-16,-0.00270959
2018-11-19,-0.00134438
2018-11-20,-0.00070481
2018-11-21,-0.00532691
2018-11-22,0.00209128
2018-11-23,0.00297874
2018-11-26,0.00167494
2018-11-27,0.00380124
2018-11-28,0.00474544
2018-11-29,0.00237416
2018-11-30,-0.00023648
2018-12-03,0.00634187
2018-12-04,-0.00228499
2018-12-05,0.00713361
2018-12-06,-0.00001830
2018-12-07,0.00429161
2018-12-10,0.00906948
2018-12-11,-0.00934159
2018-12-12,-0.00001517
2018-12-13,-0.00096777
2018-12-14,0.00853324
2018-12-17,-0.00098070
2018-12-18,0.01313059
2018-12-19,-0.00602556
2018-12-20,0.00242277
2018-12-21,-0.00088836
2018-12-24,0.00312291
2018-12-25,-0.00169315
2018-12-26,-0.00117964
2018-12-27,-0.00735273
2018-12-28,0.00133678
2018-12-31,-0.00589065
2019-01-01,-0.00504351
2019-01-02,0.00124092
2019-01-03,0.00030393
2019-01-04,0.00547190
2019-01-07,-0.00523908
2019-01-08,0.00274455
2019-01-09,0.00230125
2019-01-10,-0.00051067
2019-01-11,-0.00276636
2019-01-14,0.00049408
2019-01-15,0.00482794
2019-01-16,-0.00083190
2019-01-17,0.00466283
2019-01-18,-0.00038214
2019-01-21,0.00861158
2019-01-22,0.00097062
2019-01-23,0.00006006
2019-01-24,-0.00639873
2019-01-25,-0.00557218
2019-01-28,0.00256581
2019-01-29,-0.00017352
2019-01-30,0.00211574
2019-01-31,-0.00223089
2019-02-01,0.00017303
2019-02-04,-0.00195663
2019-02-05,0.00217839
2019-02-06,-0.00013174
2019-02-07,0.00924093
2019-02-08,-0.00224635
2019-02-11,0.00588464
2019-02-12,-0.00389522
2019-02-13,-0.00124399
2019-02-14,-0.00293695
2019-02-15,0.00651837
2019-02-18,0.00281645
2019-02-19,0.00146728
2019-02-20,0.00190505
2019-02-21,-0.00402966
2019-02-22,0.00716311
2019-02-25,0.00710288
2019-02-26,0.00069565
2019-02-27,0.00090967
2019-02-28,0.00377111
2019-03-01,0.00006136
2019-03-04,-0.00005079
2019-03-05,-0.00444296
2019-03-06,0.00208685
2019-03-07,-0.00419752
2019-03-08,-0.01196768
2019-03-11,0.00992239
2019-03-12,0.00056987
2019-03-13,0.00727862
2019-03-14,0.00630662
2019-03-15,-0.00351872
2019-03-18,0.00119869
2019-03-19,0.00186243
2019-03-20,0.00756713
2019-03-21,0.00777871
2019-03-22,0.00125476
2019-03-25,0.00633567
2019-03-26,-0.01137943
2019-03-27,-0.00126632
2019-03-28,0.00197370
2019-03-29,0.00484205
2019-04-01,0.00275395
2019-04-02,0.00059776
2019-04-03,-0.00122674
2019-04-04,-0.00274895
2019-04-05,0.00940882
2019-04-08,0.00590002
2019-04-09,0.00673500
2019-04-10,0.00089773
2019-04-11,-0.00155511
2019-04-12,0.00334612
2019-04-15,0.00073920
2019-04-16,0.00027365
2019-04-17,0.00073815
2019-04-18,-0.00199828
2019-04-19,-0.00307137
2019-04-22,-0.00024082
2019-04-23,-0.00538440
2019-04-24,0.00354212
2019-04-25,0.00462348
2019-04-26,-0.00261293
2019-04-29,-0.00737343
2019-04-30,0.00262111
2019-05-01,0.00192295
2019-05-02,0.00094228
2019-05-03,-0.00515493
2019-05-06,-0.00777983
2019-05-07,0.00855202
2019-05-08,-0.00012384
2019-05-09,0.00311980
2019-05-10,0.00053163
2019-05-13,0.00271093
2019-05-14,-0.00490220
2019-05-15,-0.00115569
2019-05-16,-0.00524913
2019-05-17,-0.00404219
2019-05-20,-0.00234059
2019-05-21,-0.00727947
2019-05-22,-0.00122540
2019-05-23,-0.00234900
2019-05-24,-0.00448797
2019-05-27,0.00025222
2019-05-28,0.00079897
2019-05-29,-0.00291638
2019-05-30,0.00990387
2019-05-31,0.00408193
2019-06-03,0.00589745
2019-06-04,-0.00062772
2019-06-05,0.00487120
2019-06-06,0.00429509
2019-06-07,-0.00373328
2019-06-10,-0.00221994
2019-06-11,0.01396850
2019-06-12,-0.00100048
2019-06-13,0.00304088
2019-06-14,-0.00011571
2019-06-17,0.00459129
2019-06-18,-0.00362563
2019-06-19,-0.00367382
2019-06-20,0.00595453
2019-06-21,0.00174340
2019-06-24,-0.01029929
2019-06-25,0.00095536
2019-06-26,0.00003115
2019-06-27,0.00404801
2019-06-28,0.00229474
2019-07-01,0.00238989
2019-07-02,0.00124359
2019-07-03,0.00215711
2019-07-04,-0.00433681
2019-07-05,-0.00281705
2019-07-08,-0.00298540
2019-07-09,-0.00518522
2019-07-10,0.00439714
2019-07-11,0.00569913
2019-07-12,0.00361298
2019-07-15,-0.00185554
2019-07-16,-0.00156708
2019-07-17,-0.00112944
2019-07-18,0.00585804
2019-07-19,0.00321983
2019-07-22,0.00867510
2019-07-23,-0.00351310
2019-07-24,-0.00016536
2019-07-25,-0.00482306
2019-07-26,-0.00552759
2019-07-29,0.00015133
2019-07-30,-0.00066068
2019-07-31,-0.00145768
2019-08-01,-0.00605626
2019-08-02,0.00173546
2019-08-05,-0.00042741
2019-08-06,0.00496689
2019-08-07,0.00332726
2019-08-08,-0.00505284
2019-08-09,0.00263061
2019-08-12,-0.00184491
2019-08-13,0.00774628
2019-08-14,0.00071685
2019-08-15,-0.00141581
2019-08-16,-0.00097944
2019-08-19,-0.00590404
2019-08-20,0.00658506
2019-08-21,0.01038710
2019-08-22,-0.00693409
2019-08-23,-0.00028307
2019-08-26,0.00035318
2019-08-27,-0.00182425
2019-08-28,0.00632891
2019-08-29,0.00646348
2019-08-30,-0.00025405
2019-09-02,0.01017077
2019-09-03,0.00099747
2019-09-04,-0.00023857
2019-09-05,0.00210912
2019-09-06,-0.00250715
2019-09-09,0.00738910
2019-09-10,0.00362486
2019-09-11,-0.00074726
2019-09-12,0.00001517
2019-09-13,-0.00323497
2019-09-16,0.00203129
2019-09-17,-0.00497137
2019-09-18,0.00086426
2019-09-19,-0.00147742
2019-09-20,0.00340175
2019-09-23,0.00554156
2019-09-24,0.00439122
2019-09-25,0.00029843
2019-09-26,-0.00234331
2019-09-27,-0.00049848
2019-09-30,0.00077515
2019-10-01,0.00304563
2019-10-02,-0.00170679
2019-10-03,-0.00350276
2019-10-04,0.00163042
2019-10-07,0.00696461
2019-10-08,0.00927546
2019-10-09,0.00441940
2019-10-10,0.00384537
2019-10-11,-0.00857890
2019-10-14,-0.00650770
2019-10-15,0.00313579
2019-10-16,-0.00329452
2019-10-17,0.00673766
2019-10-18,0.00388671
2019-10-21,-0.00994742
2019-10-22,0.00036608
2019-10-23,-0.00272749
2019-10-24,0.00164744
2019-10-25,0.00309910
2019-10-28,-0.00246633
2019-10-29,0.00031213
2019-10-30,0.00066361
2019-10-31,0.00261801
2019-11-01,0.00637049
2019-11-04,-0.00123777
2019-11-05,0.00677613
2019-11-06,-0.00501900
2019-11-07,0.00220350
2019-11-08,-0.00688824
2019-11-11,0.00117300
2019-11-12,0.00410014
2019-11-13,0.00995336
2019-11-14,0.00107211
2019-11-15,-0.00251742
2019-11-18,0.00546923
2019-11-19,0.00103521
2019-11-20,0.00129252
2019-11-21,0.00497658
2019-11-22,0.00576738
2019-11-25,-0.00694458
2019-11-26,0.00108197
2019-11-27,0.00077622
2019-11-28,-0.00396306
2019-11-29,-0.00645755
2019-12-02,0.00054919
2019-12-03,-0.00123679
2019-12-04,-0.00241114
2019-12-05,0.00023184
2019-12-06,-0.00072961
2019-12-09,0.00092918
2019-12-10,0.00794556
2019-12-11,0.00071442
2019-12-12,0.00931167
2019-12-13,0.00644844
2019-12-16,0.00520412
2019-12-17,-0.00242827
2019-12-18,-0.00047046
2019-12-19,-0.00328876
2019-12-20,0.00272144
2019-12-23,0.00054822
2019-12-24,0.00283764
2019-12-25,0.00221136
2019-12-26,0.00160531
2019-12-27,-0.00075609
2019-12-30,-0.00352846
2019-12-31,-0.00113758
2020-01-01,0.00407477
2020-01-02,0.00011253
2020-01-03,0.00057989
2020-01-06,0.00475515
2020-01-07,0.00304409
2020-01-08,-0.00578664
2020-01-09,0.00048814
2020-01-10,-0.00307083
2020-01-13,0.00060618
2020-01-14,0.00260622
2020-01-15,0.00314237
2020-01-16,0.00833703
2020-01-17,-0.00140368
2020-01-20,-0.00047725
2020-01-21,0.00343313
2020-01-22,0.00517894
2020-01-23,-0.00379141
2020-01-24,0.00394023
2020-01-27,0.00384466
2020-01-28,0.00017340
2020-01-29,-0.00041496
2020-01-30,0.00414692
2020-01-31,0.00277227
2020-02-03,0.00265316
2020-02-04,-0.00244307
2020-02-05,-0.00690036
2020-02-06,0.00042699
2020-02-07,-0.00036994
2020-02-10,0.00291167
2020-02-11,-0.00259031
2020-02-12,0.00370614
2020-02-13,0.00269324
2020-02-14,-0.00248058
2020-02-17,0.00510263
2020-02-18,-0.00069312
2020-02-19,-0.00228411
2020-02-20,0.00197890
2020-02-21,0.00078379
2020-02-24,-0.00322274
2020-02-25,0.00364063
2020-02-26,0.00080880
2020-02-27,-0.00256196
2020-02-28,-0.00704285
2020-03-02,0.00276888
2020-03-03,0.00129561
2020-03-04,0.00138722
2020-03-05,-0.00889798
2020-03-06,0.01374423
2020-03-09,0.00152771
2020-03-10,-0.01005886
2020-03-11,0.01035963
2020-03-12,0.00177661
2020-03-13,0.00010057
2020-03-16,0.01601254
2020-03-17,0.00278145
2020-03-18,-0.00269720
2020-03-19,0.00567407
2020-03-20,0.00217611
2020-03-23,0.00374649
2020-03-24,0.00596455
2020-03-25,0.00281396
2020-03-26,-0.00321142
2020-03-27,0.00755645
2020-03-30,0.00210673
2020-03-31,0.00230871
2020-04-01,0.00361793
2020-04-02,0.00225280
2020-04-03,0.00421577
2020-04-06,0.00173856
2020-04-07,0.00005085
2020-04-08,-0.00162582
2020-04-09,-0.00145096
2020-04-10,-0.00044675
2020-04-13,0.00530248
2020-04-14,-0.00066602
2020-04-15,0.00035015
2020-04-16,0.00039522
2020-04-17,0.00325240
2020-04-20,0.00377041
2020-04-21,0.00973501
2020-04-22,-0.00541878
2020-04-23,-0.00017577
2020-04-24,0.00342860
2020-04-27,-0.00673305
2020-04-28,0.00868603
2020-04-29,0.00032751
2020-04-30,-0.00272299
2020-05-01,0.00521840
2020-05-04,-0.00904103
2020-05-05,0.00180508
2020-05-06,-0.00361175
2020-05-07,0.00078290
2020-05-08,0.00253326
2020-05-11,0.00441639
2020-05-12,0.00270097
2020-05-13,0.01023875
2020-05-14,0.00112890
2020-05-15,-0.00068867
2020-05-18,0.00636753
2020-05-19,0.00055613
2020-05-20,0.00273196
2020-05-21,-0.01686774
2020-05-22,0.00288959
2020-05-25,0.00051355
2020-05-26,-0.00110705
2020-05-27,-0.00210356
2020-05-28,0.00491418
2020-05-29,-0.00833751
2020-06-01,0.01502124
2020-06-02,0.00604354
2020-06-03,0.00251411
2020-06-04,0.00940168
2020-06-05,0.00208595
2020-06-08,-0.00317736
2020-06-09,0.00547186
2020-06-10,-0.00651217
2020-06-11,0.00355029
2020-06-12,0.00624145
2020-06-15,0.00325735
2020-06-16,-0.00568042
2020-06-17,0.00177303
2020-06-18,0.00029611
2020-06-19,-0.00248995
2020-06-22,-0.00955390
2020-06-23,-0.00448475
2020-06-24,-0.00140330
2020-06-25,0.00591499
2020-06-26,0.01323920
2020-06-29,0.00470555
2020-06-30,-0.00269717
2020-07-01,-0.00104467
2020-07-02,0.00571984
2020-07-03,0.00361206
2020-07-06,0.00260913
2020-07-07,0.00192142
2020-07-08,0.00624681
2020-07-09,0.01091175
2020-07-10,0.00089321
2020-07-13,0.00156451
2020-07-14,0.00311989
2020-07-15,-0.00122971
2020-07-16,-0.00901683
2020-07-17,0.00307179
2020-07-20,-0.00245111
2020-07-21,0.00677471
2020-07-22,0.00167093
2020-07-23,0.00758841
2020-07-24,-0.00300901
2020-07-27,0.00594036
2020-07-28,-0.00649234
2020-07-29,0.00506950
2020-07-30,-0.00021761
2020-07-31,0.00506844
2020-08-03,-0.00076151
2020-08-04,0.00392109
2020-08-05,0.00311185
2020-08-06,0.00257420
2020-08-07,0.00284206
2020-08-10,0.00841196
2020-08-11,-0.00167584
2020-08-12,0.00716535
2020-08-13,-0.00074353
2020-08-14,0.00628127
2020-08-17,0.01137874
2020-08-18,-0.00274245
2020-08-19,-0.00885215
2020-08-20,0.00158677
2020-08-21,-0.00226260
2020-08-24,-0.00151916
2020-08-25,-0.00063169
2020-08-26,-0.00155205
2020-08-27,0.00728952
2020-08-28,0.00591426
2020-08-31,0.00606596
2020-09-01,0.01125461
2020-09-02,-0.00261847
2020-09-03,-0.01038552
2020-09-04,0.00995597
2020-09-07,0.00197713
2020-09-08,0.00059942
2020-09-09,-0.00726312
2020-09-10,-0.00523263
2020-09-11,0.00396356
2020-09-14,0.00020586
2020-09-15,-0.00883792
2020-09-16,-0.00338216
2020-09-17,0.00557109
2020-09-18,0.00660402
2020-09-21,0.00181371
2020-09-22,0.01360299
2020-09-23,0.00547026
2020-09-24,0.00899619
2020-09-25,0.00684982
2020-09-28,0.00459057
2020-09-29,-0.00517641
2020-09-30,-0.00635162
2020-10-01,-0.00248607
2020-10-02,0.00201261
2020-10-05,0.00085486
2020-10-06,0.00253617
2020-10-07,0.00076001
2020-10-08,0.00299993
2020-10-09,0.00529397
2020-10-12,-0.00184214
2020-10-13,-0.00671252
2020-10-14,-0.00908487
2020-10-15,0.00926525
2020-10-16,0.00862789
2020-10-19,-0.00644846
2020-10-20,0.00775403
2020-10-21,0.00227347
2020-10-22,0.00463655
2020-10-23,0.00253617
2020-10-26,0.00032153
2020-10-27,0.00295097
2020-10-28,0.00467763
2020-10-29,0.00021032
2020-10-30,-0.00477720
2020-11-02,0.00244562
2020-11-03,-0.00033827
2020-11-04,-0.00430408
2020-11-05,-0.00260700
2020-11-06,-0.00027256
2020-11-09,0.00097224
2020-11-10,0.00337760
2020-11-11,-0.00010615
2020-11-12,0.00287458
2020-11-13,-0.00083017
2020-11-16,0.00330547
2020-11-17,0.00266382
2020-11-18,0.00341127
2020-11-19,0.00731716
2020-11-20,-0.00042276
2020-11-23,-0.00631967
2020-11-24,0.00049957
2020-11-25,0.00449244
2020-11-26,0.00096223
2020-11-27,0.00228152
2020-11-30,-0.00690196
2020-12-01,-0.00290364
2020-12-02,0.00327423
2020-12-03,0.00435003
2020-12-04,-0.00252692
2020-12-07,0.00250155
2020-12-08,-0.00234953
2020-12-09,-0.00433600
2020-12-10,0.00116954
2020-12-11,0.00182665
2020-12-14,0.00263375
2020-12-15,0.00413520
2020-12-16,0.00839702
2020-12-17,0.00511937
2020-12-18,-0.00077382
2020-12-21,0.00507860
2020-12-22,-0.00575383
2020-12-23,0.00130312
2020-12-24,0.00559065
2020-12-25,0.00390623
2020-12-28,0.00457708
2020-12-29,0.00944518
2020-12-30,-0.00248334
2020-12-31,0.00442650
2021-01-01,0.00042998
2021-01-04,0.00586600
2021-01-05,0.00137929
2021-01-06,0.00436937
2021-01-07,0.00781046
2021-01-08,0.00368912
2021-01-11,-0.00009417
2021-01-12,-0.00080455
2021-01-13,-0.00227316
2021-01-14,0.00552151
2021-01-15,0.00675542
2021-01-18,-0.00024941
2021-01-19,-0.00729216
2021-01-20,-0.00200081
2021-01-21,0.00280295
2021-01-22,-0.00341052
2021-01-25,-0.00796323
2021-01-26,-0.00114992
2021-01-27,-0.00833085
2021-01-28,0.00231449
2021-01-29,-0.00095484
2021-02-01,0.00112120
2021-02-02,0.00668495
2021-02-03,-0.00323571
2021-02-04,-0.00881556
2021-02-05,0.00072237
2021-02-08,0.00296033
2021-02-09,-0.00558295
2021-02-10,-0.00080806
2021-02-11,-0.00071239
2021-02-12,0.00097519
2021-02-15,-0.00191973
2021-02-16,0.01283558
2021-02-17,-0.00033101
2021-02-18,0.00168936
2021-02-19,-0.00133138
2021-02-22,-0.01104398
2021-02-23,0.00706407
2021-02-24,-0.01335560
2021-02-25,0.00695568
2021-02-26,-0.00509642
2021-03-01,-0.00526515
2021-03-02,0.00035995
2021-03-03,0.01073156
2021-03-04,0.00228821
2021-03-05,-0.00561706
2021-03-08,0.00055771
2021-03-09,-0.00871874
2021-03-10,0.00413594
2021-03-11,-0.01246682
2021-03-12,-0.00373225
2021-03-15,-0.00745295
2021-03-16,0.00855350
2021-03-17,-0.00294070
2021-03-18,-0.00106748
2021-03-19,0.00005316
2021-03-22,-0.00040320
2021-03-23,0.00628105
2021-03-24,-0.00172477
2021-03-25,0.00469718
2021-03-26,-0.00299954
2021-03-29,0.00432885
2021-03-30,-0.00011335
2021-03-31,0.00006357
2021-04-01,0.00045121
2021-04-02,0.00332611
2021-04-05,-0.00452058
2021-04-06,-0.00351703
2021-04-07,0.01001752
2021-04-08,0.00312921
2021-04-09,-0.00077397
2021-04-12,0.00373940
2021-04-13,0.00057938
2021-04-14,-0.00928132
2021-04-15,0.00157598
2021-04-16,0.00030156
2021-04-19,0.00242111
2021-04-20,-0.00263627
2021-04-21,-0.00014203
2021-04-22,0.00598956
2021-04-23,0.00017120
2021-04-26,-0.00108033
2021-04-27,0.00249274
2021-04-28,-0.00092375
2021-04-29,0.00565537
2021-04-30,0.00006473
2021-05-03,0.00248517
2021-05-04,-0.00231857
2021-05-05,-0.00476509
2021-05-06,0.00408689
2021-05-07,0.00202897
2021-05-10,0.00371847
2021-05-11,0.00416507
2021-05-12,-0.00576168
2021-05-13,0.00138903
2021-05-14,-0.00817618
2021-05-17,0.00318712
2021-05-18,-0.00403533
2021-05-19,0.00295288
2021-05-20,0.00411680
2021-05-21,-0.00157760
2021-05-24,0.00074629
2021-05-25,0.00635042
2021-05-26,-0.00659254
2021-05-27,0.00374635
2021-05-28,0.00138269
2021-05-31,0.00511665
2021-06-01,-0.00658351
2021-06-02,0.00086591
2021-06-03,0.00581888
2021-06-04,0.00696624
2021-06-07,-0.00261164
2021-06-08,-0.00040791
2021-06-09,0.00913636
2021-06-10,-0.00553916
2021-06-11,0.00064413
2021-06-14,0.00164841
2021-06-15,0.00163718
2021-06-16,-0.00335411
2021-06-17,0.00519012
2021-06-18,0.00484840
2021-06-21,0.00902262
2021-06-22,-0.00271836
2021-06-23,-0.00131762
2021-06-24,0.00578467
2021-06-25,0.00901898
2021-06-28,0.00080512
2021-06-29,-0.00602612
2021-06-30,-0.00012236
2021-07-01,0.00519121
2021-07-02,0.00390146
2021-07-05,0.00585826
2021-07-06,0.00951217
2021-07-07,-0.00109093
2021-07-08,-0.00321997
2021-07-09,-0.00456219
2021-07-12,0.00029748
2021-07-13,0.00543585
2021-07-14,0.00862232
2021-07-15,0.00183447
2021-07-16,0.00091629
2021-07-19,0.00025201
2021-07-20,0.00636874
2021-07-21,-0.00257903
2021-07-22,0.00037782
2021-07-23,0.00050174
2021-07-26,0.00072778
2021-07-27,0.00898698
2021-07-28,-0.00316387
2021-07-29,0.01189873
2021-07-30,-0.00209887
2021-08-02,-0.00284220
2021-08-03,-0.00212391
2021-08-04,0.00376928
2021-08-05,0.00078663
2021-08-06,0.00589549
2021-08-09,-0.00285649
2021-08-10,-0.00667947
2021-08-11,-0.00081920
2021-08-12,0.00210898
2021-08-13,-0.00576390
2021-08-16,0.00037070
2021-08-17,0.00326012
2021-08-18,-0.00277996
2021-08-19,-0.00285791
2021-08-20,-0.00407829
2021-08-23,0.00020446
2021-08-24,0.00290347
2021-08-25,0.01321400
2021-08-26,0.00609346
2021-08-27,-0.00482768
2021-08-30,-0.00606559
2021-08-31,0.00035374
2021-09-01,0.00792394
2021-09-02,0.00380712
2021-09-03,-0.00152295
2021-09-06,0.00535738
2021-09-07,0.00704808
2021-09-08,0.00742783
2021-09-09,-0.00394886
2021-09-10,0.00281839
2021-09-13,-0.00491529
2021-09-14,-0.00277458
2021-09-15,-0.00490372
2021-09-16,-0.00032879
2021-09-17,-0.00561205
2021-09-20,0.00433716
2021-09-21,0.00079454
2021-09-22,-0.00304008
2021-09-23,0.00303447
2021-09-24,0.00773836
2021-09-27,0.00240423
2021-09-28,-0.00177647
2021-09-29,-0.00042734
2021-09-30,0.00038146
2021-10-01,-0.00230690
2021-10-04,-0.00685278
2021-10-05,-0.00085324
2021-10-06,0.00644224
2021-10-07,-0.00287258
2021-10-08,-0.00783651
2021-10-11,0.00606732
2021-10-12,-0.00676071
2021-10-13,0.00492264
2021-10-14,0.00600576
2021-10-15,-0.00358138
2021-10-18,0.00471889
2021-10-19,-0.00456511
2021-10-20,0.00200312
2021-10-21,0.00499302
2021-10-22,0.00389994
2021-10-25,-0.00155038
2021-10-26,0.00929989
2021-10-27,-0.00802461
2021-10-28,0.00251193
2021-10-29,-0.00850751
2021-11-01,-0.00457149
2021-11-02,0.00936397
2021-11-03,0.00493610
2021-11-04,-0.00819743
2021-11-05,0.00082286
2021-11-08,-0.00193851
2021-11-09,0.00341408
2021-11-10,0.00917683
2021-11-11,0.00379252
2021-11-12,0.00280594
2021-11-15,0.00313619
2021-11-16,-0.00406629
2021-11-17,0.00400511
2021-11-18,0.00499493
2021-11-19,-0.00190560
2021-11-22,-0.00204118
2021-11-23,0.00737491
2021-11-24,0.00179105
2021-11-25,-0.00426793
2021-11-26,-0.00105838
2021-11-29,-0.00120883
2021-11-30,0.00055969
2021-12-01,0.00052279
2021-12-02,-0.00027174
2021-12-03,0.00838271
2021-12-06,0.00459526
2021-12-07,0.00752345
2021-12-08,-0.00677594
2021-12-09,0.00135013
2021-12-10,0.00613650
2021-12-13,0.00411435
2021-12-14,-0.00220707
2021-12-15,-0.00255184
2021-12-16,0.00517008
2021-12-17,-0.00010631
2021-12-20,0.00376736
2021-12-21,0.00155477
2021-12-22,0.00032062
2021-12-23,0.00139216
2021-12-24,-0.00288321
2021-12-27,0.00850532
2021-12-28,0.00331681
2021-12-29,0.00714702
2021-12-30,-0.00153139
2021-12-31,-0.00158241
2022-01-03,-0.00058660
2022-01-04,-0.00302716
2022-01-05,0.00390169
2022-01-06,0.00405628
2022-01-07,-0.00145910
2022-01-10,-0.00058849
2022-01-11,0.00254471
2022-01-12,-0.00253665
2022-01-13,-0.00099198
2022-01-14,0.00787219
2022-01-17,-0.00250959
2022-01-18,-0.00147570
2022-01-19,0.01212129
2022-01-20,-0.00871867
2022-01-21,-0.00447969
2022-01-24,0.00893786
2022-01-25,-0.00099297
2022-01-26,0.00309923
2022-01-27,0.01038846
2022-01-28,-0.00237667
2022-01-31,-0.00181178
2022-02-01,0.00269854
2022-02-02,0.00050880
2022-02-03,-0.00151217
2022-02-04,0.00025004
2022-02-07,-0.00512657
2022-02-08,0.00294576
2022-02-09,0.00460522
2022-02-10,0.00012347
2022-02-11,-0.00015716
2022-02-14,0.00331953
2022-02-15,-0.00157206
2022-02-16,-0.00053659
2022-02-17,0.00054250
2022-02-18,0.00747405
2022-02-21,0.00062851
2022-02-22,0.00033823
2022-02-23,0.00011134
2022-02-24,-0.00087708
2022-02-25,-0.00349213
2022-02-28,-0.00328601
2022-03-01,0.00472158
2022-03-02,-0.00171097
2022-03-03,0.00126558
2022-03-04,-0.00129321
2022-03-07,-0.00891413
2022-03-08,0.00364874
2022-03-09,-0.00576094
2022-03-10,-0.00028480
2022-03-11,-0.00258801
2022-03-14,-0.00021412
2022-03-15,0.00252077
2022-03-16,0.00210358
2022-03-17,0.00630826
2022-03-18,0.00294787
2022-03-21,0.00754526
2022-03-22,0.00049130
2022-03-23,0.00207457
2022-03-24,-0.00221981
2022-03-25,0.00092032
2022-03-28,0.00453113
2022-03-29,-0.00079474
2022-03-30,0.00756479
2022-03-31,0.00096553
2022-04-01,0.00797429
2022-04-04,-0.00386961
2022-04-05,-0.00039588
2022-04-06,-0.00138362
2022-04-07,0.00539784
2022-04-08,0.00373946
2022-04-11,0.00050614
2022-04-12,-0.00120109
2022-04-13,0.00072923
2022-04-14,0.00411064
2022-04-15,0.00461083
2022-04-18,0.00058172
2022-04-19,-0.00116185
2022-04-20,0.00130930
2022-04-21,0.00143172
2022-04-22,0.00198643
2022-04-25,-0.00119073
2022-04-26,0.00868212
2022-04-27,-0.00197957
2022-04-28,0.00765612
2022-04-29,0.00712149
2022-05-02,0.00511201
2022-05-03,0.00928329
2022-05-04,0.00335127
2022-05-05,-0.00057509
2022-05-06,-0.00150382
2022-05-09,-0.00216985
2022-05-10,0.00461805
2022-05-11,-0.00581271
2022-05-12,-0.00555060
2022-05-13,0.00774614
2022-05-16,0.00540797
2022-05-17,0.00271449
2022-05-18,0.00500507
2022-05-19,0.00433432
2022-05-20,0.00000909
2022-05-23,-0.00575887
2022-05-24,0.00662390
2022-05-25,0.00285788
2022-05-26,-0.00534298
2022-05-27,0.00149033
2022-05-30,-0.00125925
2022-05-31,0.00033088
2022-06-01,-0.00062587
2022-06-02,0.00333044
2022-06-03,-0.00008787
2022-06-06,-0.00434729
2022-06-07,0.00387854
2022-06-08,0.00303610
2022-06-09,-0.00556601
2022-06-10,0.00269108
2022-06-13,0.00484432
2022-06-14,0.00016376
2022-06-15,0.00169455
2022-06-16,-0.00258948
2022-06-17,-0.00702532
2022-06-20,0.00319824
2022-06-21,0.00045451
2022-06-22,0.00278321
2022-06-23,-0.00020651
2022-06-24,-0.00032160
2022-06-27,0.00158033
2022-06-28,0.00056505
2022-06-29,0.00474826
2022-06-30,-0.00105750
2022-07-01,-0.00564979
2022-07-04,0.00149851
2022-07-05,-0.00501441
2022-07-06,-0.01055289
2022-07-07,-0.00408551
2022-07-08,-0.00112365
2022-07-11,-0.00273175
2022-07-12,-0.00606501
2022-07-13,-0.00016090
2022-07-14,0.00632410
2022-07-15,0.00458238
2022-07-18,0.00088706
2022-07-19,0.00499504
2022-07-20,-0.00113177
2022-07-21,-0.00311899
2022-07-22,0.00390307
2022-07-25,-0.00402610
2022-07-26,0.00235305
2022-07-27,0.00073448
2022-07-28,-0.00078236
2022-07-29,-0.00121127
2022-08-01,0.00596749
2022-08-02,-0.00630214
2022-08-03,0.00206049
2022-08-04,-0.00044856
2022-08-05,-0.00248640
2022-08-08,0.00102525
2022-08-09,0.00227111
2022-08-10,0.00058025
2022-08-11,0.00195267
2022-08-12,0.00721678
2022-08-15,-0.00185404
2022-08-16,0.00273077
2022-08-17,-0.00697369
2022-08-18,0.00290629
2022-08-19,-0.00755123
2022-08-22,0.00369113
2022-08-23,-0.00128829
2022-08-24,0.00158859
2022-08-25,-0.00569968
2022-08-26,0.00095810
2022-08-29,0.00455806
2022-08-30,0.00363931
2022-08-31,0.00077237
2022-09-01,0.00082087
2022-09-02,0.00600447
2022-09-05,0.00416196
2022-09-06,-0.00196143
2022-09-07,-0.00175923
2022-09-08,-0.00220940
2022-09-09,0.00068958
2022-09-12,-0.00437301
2022-09-13,-0.00886267
2022-09-14,-0.00013238
2022-09-15,0.00198797
2022-09-16,0.00168891
2022-09-19,0.00573246
2022-09-20,-0.00496627
2022-09-21,-0.00145920
2022-09-22,-0.00564092
2022-09-23,0.00195623
2022-09-26,0.00037938
2022-09-27,-0.00131371
2022-09-28,0.00103649
2022-09-29,-0.00233099
2022-09-30,-0.00374913
2022-10-03,0.00796229
2022-10-04,0.00449655
2022-10-05,0.00002126
2022-10-06,-0.00608649
2022-10-07,-0.00011432
2022-10-10,0.00345344
2022-10-11,0.01175241
2022-10-12,-0.00333897
2022-10-13,-0.00485561
2022-10-14,0.00137558
2022-10-17,-0.00492371
2022-10-18,-0.00339833
2022-10-19,-0.00196547
2022-10-20,-0.00383772
2022-10-21,-0.00596941
2022-10-24,-0.00527271
2022-10-25,-0.00859417
2022-10-26,0.00435700
2022-10-27,0.00480962
2022-10-28,-0.00054428
2022-10-31,0.00058072
2022-11-01,0.00874721
2022-11-02,-0.00254928
2022-11-03,-0.00448139
2022-11-04,0.00142395
2022-11-07,0.00332275
2022-11-08,-0.00048598
2022-11-09,-0.00556738
2022-11-10,-0.00260246
2022-11-11,0.00393253
2022-11-14,0.00406639
2022-11-15,-0.00666810
2022-11-16,-0.00465173
2022-11-17,-0.00358318
2022-11-18,0.00073549
2022-11-21,0.01078068
2022-11-22,-0.00043620
2022-11-23,0.00112947
2022-11-24,-0.00273715
2022-11-25,0.01248392
2022-11-28,-0.00185865
2022-11-29,-0.00145287
2022-11-30,0.00155298
2022-12-01,-0.00510964
2022-12-02,0.00448944
2022-12-05,0.00081252
2022-12-06,-0.00294224
2022-12-07,-0.00183114
2022-12-08,-0.00767316
2022-12-09,-0.00165000
2022-12-12,-0.00938581
2022-12-13,-0.00117709
2022-12-14,-0.00138008
2022-12-15,-0.00180041
2022-12-16,-0.00177283
2022-12-19,-0.00293891
2022-12-20,0.00640314
2022-12-21,0.00732654
2022-12-22,0.00008698
2022-12-23,0.00599653
2022-12-26,-0.00052925
2022-12-27,-0.00051095
2022-12-28,-0.00287951
2022-12-29,0.00398860
2022-12-30,0.00363129
2023-01-02,-0.00495712
2023-01-03,0.00156990
2023-01-04,-0.00147661
2023-01-05,-0.00320865
2023-01-06,0.00073436
2023-01-09,-0.00778478
2023-01-10,-0.00110273
2023-01-11,0.00935282
2023-01-12,0.00281053
2023-01-13,-0.00426010
2023-01-16,0.00334017
2023-01-17,0.00124877
2023-01-18,-0.00059365
2023-01-19,-0.00178595
2023-01-20,0.00085310
2023-01-23,-0.00181579
2023-01-24,0.00007061
2023-01-25,0.00417776
2023-01-26,0.00452071
2023-01-27,-0.00498409
2023-01-30,-0.00125775
2023-01-31,0.00808110
2023-02-01,0.00893445
2023-02-02,0.00251395
2023-02-03,0.00809308
2023-02-06,0.00628684
2023-02-07,0.00025605
2023-02-08,-0.00813333
2023-02-09,0.00057473
2023-02-10,-0.00491984
2023-02-13,0.00146369
2023-02-14,0.00870788
2023-02-15,0.00196917
2023-02-16,-0.00268325
2023-02-17,-0.00441200
2023-02-20,-0.00798329
2023-02-21,-0.00772711
2023-02-22,0.00817045
2023-02-23,0.00470181
2023-02-24,0.00026033
2023-02-27,0.00016164
2023-02-28,0.00061614
2023-03-01,0.00079721
2023-03-02,0.00711453
2023-03-03,0.00260556
2023-03-06,-0.00270699
2023-03-07,-0.01127133
2023-03-08,-0.00614513
2023-03-09,-0.01407386
2023-03-10,0.00002348
2023-03-13,0.00301737
2023-03-14,0.00740141
2023-03-15,-0.00340145
2023-03-16,-0.00742359
2023-03-17,0.00334219
2023-03-20,0.00492799
2023-03-21,0.00519626
2023-03-22,0.00072296
2023-03-23,0.00487955
2023-03-24,0.00019601
2023-03-27,-0.00167665
2023-03-28,0.00310925
2023-03-29,0.00411681
2023-03-30,0.01076648
2023-03-31,0.00413109
2023-04-03,-0.00410421
2023-04-04,-0.00355152
2023-04-05,-0.00500769
2023-04-06,0.00119818
2023-04-07,-0.00409858
2023-04-10,0.00698048
2023-04-11,-0.00046178
2023-04-12,0.00373789
2023-04-13,0.00153262
2023-04-14,0.00239719
2023-04-17,-0.00381429
2023-04-18,0.00069930
2023-04-19,-0.00107316
2023-04-20,0.00039422
2023-04-21,0.00141110
2023-04-24,0.00391663
2023-04-25,-0.00124501
2023-04-26,0.00455622
2023-04-27,0.00233155
2023-04-28,0.00822445
2023-05-01,-0.01405668
2023-05-02,-0.00204206
2023-05-03,0.00651359
2023-05-04,-0.01049561
2023-05-05,0.00753086
2023-05-08,0.00121993
2023-05-09,-0.00834003
2023-05-10,0.00411516
2023-05-11,-0.00388658
2023-05-12,-0.00325765
2023-05-15,0.00744091
2023-05-16,-0.00089104
2023-05-17,-0.00346709
2023-05-18,0.00988583
2023-05-19,0.00503084
2023-05-22,-0.00065556
2023-05-23,-0.00270267
2023-05-24,-0.00006782
2023-05-25,0.00794781
2023-05-26,-0.00357128
2023-05-29,-0.00488245
2023-05-30,0.00658548
2023-05-31,-0.00041955
2023-06-01,0.00130205
2023-06-02,0.00321195
2023-06-05,-0.00090533
2023-06-06,-0.01005837
2023-06-07,-0.00010476
2023-06-08,0.00643471
2023-06-09,0.01062602
2023-06-12,0.00031959
2023-06-13,0.00072098
2023-06-14,0.00699460
2023-06-15,0.00353066
2023-06-16,0.00217937
2023-06-19,-0.00805609
2023-06-20,-0.00102358
2023-06-21,0.00181639
2023-06-22,-0.00596319
2023-06-23,-0.00079722
2023-06-26,0.00853832
2023-06-27,-0.00030717
2023-06-28,-0.00560462
2023-06-29,-0.00764196
2023-06-30,0.00079921
2023-07-03,-0.00174976
2023-07-04,-0.00305833
2023-07-05,0.00187379
2023-07-06,0.00213162
2023-07-07,0.00163561
2023-07-10,0.00242721
2023-07-11,-0.00468048
2023-07-12,-0.00203226
2023-07-13,-0.00061772
2023-07-14,0.00060780
2023-07-17,0.00530308
2023-07-18,-0.00242687
2023-07-19,-0.00264907
2023-07-20,0.00754323
2023-07-21,0.00156303
2023-07-24,-0.00544118
2023-07-25,-0.00054937
2023-07-26,-0.00471285
2023-07-27,-0.00426634
2023-07-28,-0.00515418
2023-07-31,-0.00273189
2023-08-01,0.01011873
2023-08-02,0.00539716
2023-08-03,0.00706752
2023-08-04,0.00574425
2023-08-07,0.00024304
2023-08-08,0.00266547
2023-08-09,0.00131269
2023-08-10,-0.00395633
2023-08-11,-0.00438094
2023-08-14,0.00490158
2023-08-15,-0.00463277
2023-08-16,0.00175417
2023-08-17,0.00378446
2023-08-18,0.00423731
2023-08-21,0.00251169
2023-08-22,-0.00455327
2023-08-23,0.00328179
2023-08-24,0.00022781
2023-08-25,-0.00354898
2023-08-28,-0.00809939
2023-08-29,0.00288043
2023-08-30,-0.00613600
2023-08-31,-0.00683298
2023-09-01,0.00871562
2023-09-04,-0.00455617
2023-09-05,-0.00103990
2023-09-06,0.00117307
2023-09-07,0.00116599
2023-09-08,-0.00373689
2023-09-11,-0.00233746
2023-09-12,0.00447544
2023-09-13,-0.00040453
2023-09-14,0.00074584
2023-09-15,-0.00888171
2023-09-18,-0.00173164
2023-09-19,0.00470836
2023-09-20,-0.00243141
2023-09-21,-0.00343189
2023-09-22,0.00253707
2023-09-25,0.00354396
2023-09-26,0.00235183
2023-09-27,-0.00169865
2023-09-28,0.00422331
2023-09-29,0.00818036
2023-10-02,0.00611484
2023-10-03,-0.00618500
2023-10-04,0.01403273
2023-10-05,-0.00511521
2023-10-06,-0.00466662
2023-10-09,0.00221978
2023-10-10,0.00159348
2023-10-11,0.01133546
2023-10-12,-0.00373825
2023-10-13,0.01071791
2023-10-16,0.00981474
2023-10-17,-0.00004553
2023-10-18,-0.00354743
2023-10-19,0.00527396
2023-10-20,-0.00636365
2023-10-23,-0.00107645
2023-10-24,0.00520138
2023-10-25,0.00423150
2023-10-26,0.00095269
2023-10-27,0.00216408
2023-10-30,0.00811643
2023-10-31,-0.00708198
2023-11-01,0.00421616
2023-11-02,0.00570989
2023-11-03,0.00631423
2023-11-06,0.00446125
2023-11-07,-0.00263261
2023-11-08,-0.00157568
2023-11-09,0.00382980
2023-11-10,-0.00180184
2023-11-13,-0.00004254
2023-11-14,-0.00592362
2023-11-15,-0.00451600
2023-11-16,0.00240996
2023-11-17,-0.00106701
2023-11-20,-0.00256437
2023-11-21,0.00000487
2023-11-22,0.00220626
2023-11-23,-0.00032562
2023-11-24,0.00162660
2023-11-27,0.00124816
2023-11-28,-0.00028176
2023-11-29,0.00079892
2023-11-30,-0.00314270
2023-12-01,-0.00140718
2023-12-04,-0.00741682
2023-12-05,-0.00439893
2023-12-06,-0.00449173
2023-12-07,-0.00094498
2023-12-08,0.00593645
2023-12-11,0.00080935
2023-12-12,0.00152710
2023-12-13,-0.00339100
2023-12-14,0.00214200
2023-12-15,0.00848099
2023-12-18,0.00045742
2023-12-19,-0.00286130
2023-12-20,-0.00439644
2023-12-21,0.00203307
2023-12-22,-0.00338589
2023-12-25,0.00406024
2023-12-26,-0.00370543
2023-12-27,-0.00660253
2023-12-28,0.00300979
2023-12-29,-0.00497166
2024-01-01,0.00357761
2024-01-02,0.00551843
2024-01-03,-0.00181766
2024-01-04,0.00178737
2024-01-05,0.00711471
2024-01-08,-0.00124174
2024-01-09,0.00804304
2024-01-10,-0.00062851
2024-01-11,-0.00336969
2024-01-12,0.00128895
2024-01-15,0.00186307
2024-01-16,0.00595464
2024-01-17,0.00483887
2024-01-18,0.00251286
2024-01-19,0.00380283
2024-01-22,0.00166396
2024-01-23,0.00441448
2024-01-24,-0.00148418
2024-01-25,-0.00401569
2024-01-26,0.00178851
2024-01-29,0.01295121
2024-01-30,0.00448456
2024-01-31,-0.00230007
2024-02-01,0.00712260
2024-02-02,-0.00754019
2024-02-05,-0.00028354
2024-02-06,0.00263840
2024-02-07,-0.00217957
2024-02-08,-0.00182384
2024-02-09,0.00008500
2024-02-12,-0.00159126
2024-02-13,-0.00267866
2024-02-14,-0.00402900
2024-02-15,-0.00617026
2024-02-16,-0.00349885
2024-02-19,0.00039302
2024-02-20,0.00537867
2024-02-21,-0.00213528
2024-02-22,-0.00460262
2024-02-23,0.00807451
2024-02-26,-0.00429466
2024-02-27,0.00127567
2024-02-28,-0.00336370
2024-02-29,-0.00238515
2024-03-01,0.00258954
2024-03-04,0.00292521
2024-03-05,0.00958212
2024-03-06,0.00429058
2024-03-07,0.00247703
2024-03-08,0.00518575
2024-03-11,-0.00633499
2024-03-12,-0.00445899
2024-03-13,0.00395245
2024-03-14,-0.00077748
2024-03-15,0.00760745
2024-03-18,0.00420997
2024-03-19,0.00622843
2024-03-20,0.00653782
2024-03-21,0.00227960
2024-03-22,0.00411600
2024-03-25,0.00204702
2024-03-26,0.00567635
2024-03-27,0.01111281
2024-03-28,-0.00385203
2024-03-29,-0.00253731
2024-04-01,0.00797658
2024-04-02,0.00168759
2024-04-03,-0.00108456
2024-04-04,-0.00227357
2024-04-05,0.00506843
2024-04-08,0.00337163
2024-04-09,0.00988486
2024-04-10,0.00043962
2024-04-11,0.00490710
2024-04-12,0.00829250
2024-04-15,-0.00560262
2024-04-16,-0.00389026
2024-04-17,0.00207140
2024-04-18,-0.00172655
2024-04-19,-0.00104667
2024-04-22,-0.00212415
2024-04-23,0.00018435
2024-04-24,-0.00321811
2024-04-25,-0.00490885
2024-04-26,0.00258330
2024-04-29,0.00141171
2024-04-30,0.00525492
2024-05-01,0.00319877
2024-05-02,0.00275779
2024-05-03,0.00423801
2024-05-06,-0.00326686
2024-05-07,-0.00139304
2024-05-08,0.00208689
2024-05-09,0.00505695
2024-05-10,0.00375950
2024-05-13,-0.00010390
2024-05-14,0.00001170
2024-05-15,0.00197438
2024-05-16,-0.00435373
2024-05-17,0.00466853
2024-05-20,0.00432531
2024-05-21,0.00503069
2024-05-22,0.00532045
2024-05-23,0.00534049
2024-05-24,-0.00762826
2024-05-27,0.00186374
2024-05-28,-0.00558439
2024-05-29,-0.00343714
2024-05-30,0.00025237
2024-05-31,0.00617371
2024-06-03,0.00234019
2024-06-04,0.00189146
2024-06-05,0.00888530
2024-06-06,0.00193460
2024-06-07,-0.00342375
2024-06-10,-0.00542244
2024-06-11,-0.00307819
2024-06-12,0.00135354
2024-06-13,-0.00608291
2024-06-14,0.00282208
2024-06-17,0.00224002
2024-06-18,-0.00239008
2024-06-19,0.00131859
2024-06-20,0.00317418
2024-06-21,-0.00199372
2024-06-24,0.00414762
2024-06-25,-0.00237522
2024-06-26,0.00349383
2024-06-27,0.00740937
2024-06-28,0.00229923
2024-07-01,-0.00488061
2024-07-02,0.00124920
2024-07-03,0.00121476
2024-07-04,-0.00302545
2024-07-05,-0.00481772
2024-07-08,-0.00086732
2024-07-09,0.00475760
2024-07-10,0.00453049
2024-07-11,0.00624950
2024-07-12,0.00064817
2024-07-15,0.00969077
2024-07-16,-0.00295768
2024-07-17,0.00283366
2024-07-18,-0.00023721
2024-07-19,0.00756132
2024-07-22,0.00099513
2024-07-23,-0.00379438
2024-07-24,0.00193829
2024-07-25,-0.00419899
2024-07-26,-0.00307512
2024-07-29,0.00501863
2024-07-30,0.00075860
2024-07-31,0.00470016
2024-08-01,-0.00308142
2024-08-02,0.00668554
2024-08-05,0.00006105
2024-08-06,-0.00795816
2024-08-07,-0.00318070
2024-08-08,-0.00543855
2024-08-09,-0.00573717
2024-08-12,0.00314723
2024-08-13,0.00249546
2024-08-14,0.00350865
2024-08-15,-0.00246778
2024-08-16,0.00324269
2024-08-19,-0.00575633
2024-08-20,-0.00132300
2024-08-21,0.00013558
2024-08-22,-0.00171642
2024-08-23,0.00130207
2024-08-26,0.00074767
2024-08-27,0.00297003
2024-08-28,0.00221584
2024-08-29,0.00514877
2024-08-30,-0.00131109
2024-09-02,0.00378182
2024-09-03,0.00209865
2024-09-04,0.00194390
2024-09-05,0.00145173
2024-09-06,-0.00885416
2024-09-09,0.00947868
2024-09-10,-0.00326892
2024-09-11,-0.00273401
2024-09-12,-0.00060034
2024-09-13,-0.00504501
2024-09-16,0.00870648
2024-09-17,-0.00193865
2024-09-18,-0.00222717
2024-09-19,-0.00288355
2024-09-20,0.00281668
2024-09-23,0.00713128
2024-09-24,0.00207738
2024-09-25,-0.00263386
2024-09-26,0.00680251
2024-09-27,0.00212604
2024-09-30,-0.00240088
2024-10-01,0.00052593
2024-10-02,0.00144102
2024-10-03,0.00191684
2024-10-04,0.00085728
2024-10-07,0.00095763
2024-10-08,0.00923263
2024-10-09,0.01360169
2024-10-10,-0.00487471
2024-10-11,0.00000275
2024-10-14,-0.00854912
2024-10-15,0.00271728
2024-10-16,0.00905567
2024-10-17,0.00060809
2024-10-18,0.00227097
2024-10-21,-0.00491866
2024-10-22,0.00617134
2024-10-23,-0.00166573
2024-10-24,0.00052913
2024-10-25,0.00544020
2024-10-28,0.00221850
2024-10-29,0.00193184
2024-10-30,-0.00214389
2024-10-31,0.01133884
2024-11-01,0.00453233
2024-11-04,-0.00980847
2024-11-05,0.00671883
2024-11-06,-0.00493731
2024-11-07,-0.00532416
2024-11-08,-0.00229071
2024-11-11,0.00651036
2024-11-12,-0.00037588
2024-11-13,0.00179780
2024-11-14,-0.00666503
2024-11-15,0.00568974
2024-11-18,-0.00035256
2024-11-19,-0.00495180
2024-11-20,0.00231169
2024-11-21,0.00305442
2024-11-22,0.00123260
2024-11-25,0.00666140
2024-11-26,0.00347633
2024-11-27,0.00760999
2024-11-28,0.00060346
2024-11-29,0.00134300
2024-12-02,0.00473880
2024-12-03,0.00606392
2024-12-04,-0.00064896
2024-12-05,0.00933627
2024-12-06,0.00136909
2024-12-09,0.00087177
2024-12-10,0.00283828
2024-12-11,-0.00300071
2024-12-12,-0.00655701
2024-12-13,0.01010094
2024-12-16,0.00563917
2024-12-17,-0.00330778
2024-12-18,0.00146694
2024-12-19,0.00365587
2024-12-20,-0.00134583
2024-12-23,0.00729905
2024-12-24,-0.00137531
2024-12-25,0.00531579
2024-12-26,-0.00198693
2024-12-27,0.00313228
2024-12-30,0.00782437
2024-12-31,0.00298493
