asof,symbol,expiry,strike,right,bid,ask,delta,iv,underlying,r
2022-06-13,SPY,2022-07-15,300.00,C,81.5696,81.3096,0.9000,0.2400,380.0000,0.0100
2022-06-13,SPY,2022-07-15,300.00,P,1.0467,1.3067,-0.1000,0.2400,380.0000,0.0100
2022-06-13,SPY,2022-07-15,302.00,C,79.3836,79.6396,0.8900,0.2390,380.0000,0.0100
2022-06-13,SPY,2022-07-15,302.00,P,1.1189,1.3749,0.1000,0.2390,380.0000,0.0100
2022-06-13,SPY,2022-07-15,304.00,C,77.4628,77.7148,0.8800,0.2380,380.0000,0.0100
2022-06-13,SPY,2022-07-15,304.00,P,1.1964,1.4484,-0.1200,0.2380,380.0000,0.0100
2022-06-13,SPY,2022-07-15,306.00,C,75.5474,75.7954,0.8700,0.2370,380.0000,0.0100
2022-06-13,SPY,2022-07-15,306.00,P,1.2792,1.5272,-0.1300,0.2370,380.0000,0.0100
2022-06-13,SPY,2022-07-15,308.00,C,73.6374,73.8814,0.8600,0.2360,380.0000,0.0100
2022-06-13,SPY,2022-07-15,308.00,P,1.3675,1.6115,-0.1400,0.2360,380.0000,0.0100
2022-06-13,SPY,2022-07-15,310.00,C,71.7330,71.9730,0.8500,6.0000,380.0000,0.0100
2022-06-13,SPY,2022-07-15,310.00,P,1.4613,1.7013,-0.1500,0.2350,380.0000,0.0100
2022-06-13,SPY,2022-07-15,312.00,C,69.8341,70.0701,0.8400,0.2340,380.0000,0.0100
2022-06-13,SPY,2022-07-15,312.00,P,1.5607,1.7967,-0.1600,0.2340,380.0000,0.0100
2022-06-13,SPY,2022-07-15,314.00,C,67.9409,68.1729,0.8300,0.2330,380.0000,0.0100
2022-06-13,SPY,2022-07-15,314.00,P,1.6657,1.8977,-0.1700,0.2330,380.0000,0.0100
2022-06-13,SPY,2022-07-15,316.00,C,66.0531,66.2811,0.8200,0.2320,380.0000,0.0100
2022-06-13,SPY,2022-07-15,316.00,P,1.7762,2.0042,-0.1800,0.2320,380.0000,0.0100
2022-06-13,SPY,2022-07-15,318.00,C,64.1708,64.3948,0.8100,0.2310,380.0000,0.0100
2022-06-13,SPY,2022-07-15,318.00,P,1.8921,2.1161,-0.1900,0.2310,380.0000,0.0100
2022-06-13,SPY,2022-07-15,320.00,C,62.2937,62.5137,0.8000,0.2300,380.0000,0.0100
2022-06-13,SPY,2022-07-15,320.00,P,2.0133,2.2333,-0.2000,0.2300,380.0000,0.0100
2022-06-13,SPY,2022-07-15,322.00,C,60.4217,60.6377,0.7900,0.2290,380.0000,0.0100
2022-06-13,SPY,2022-07-15,322.00,P,2.1395,2.3555,-0.2100,0.2290,380.0000,0.0100
2022-06-13,SPY,2022-07-15,324.00,C,58.5545,58.7665,0.7800,0.2280,380.0000,0.0100
2022-06-13,SPY,2022-07-15,324.00,P,2.2706,2.4826,-0.2200,0.2280,380.0000,0.0100
2022-06-13,SPY,2022-07-15,326.00,C,56.6918,56.8998,0.7700,0.2270,380.0000,0.0100
2022-06-13,SPY,2022-07-15,326.00,P,2.4061,2.6141,-0.2300,0.2270,380.0000,0.0100
2022-06-13,SPY,2022-07-15,328.00,C,54.8332,55.0372,0.7600,0.2260,380.0000,0.0100
2022-06-13,SPY,2022-07-15,328.00,P,2.5458,2.7498,-0.2400,0.2260,380.0000,0.0100
2022-06-13,SPY,2022-07-15,330.00,C,52.9784,53.1784,0.7500,0.2250,380.0000,0.0100
2022-06-13,SPY,2022-07-15,330.00,P,2.6892,2.8892,-0.2500,0.2250,380.0000,0.0100
2022-06-13,SPY,2022-07-15,332.00,C,51.1267,51.3227,0.7400,0.2240,380.0000,0.0100
2022-06-13,SPY,2022-07-15,332.00,P,2.8358,3.0318,-0.2600,0.2240,380.0000,0.0100
2022-06-13,SPY,2022-07-15,334.00,C,49.2777,49.4697,0.7300,0.2230,380.0000,0.0100
2022-06-13,SPY,2022-07-15,334.00,P,2.9850,3.1770,-0.2700,0.2230,380.0000,0.0100
2022-06-13,SPY,2022-07-15,336.00,C,47.4308,47.6188,0.7200,0.2220,380.0000,0.0100
2022-06-13,SPY,2022-07-15,336.00,P,3.1364,3.3244,-0.2800,0.2220,380.0000,0.0100
2022-06-13,SPY,2022-07-15,338.00,C,45.5853,45.7693,0.7100,0.2210,380.0000,0.0100
2022-06-13,SPY,2022-07-15,338.00,P,3.2891,3.4731,-0.2900,0.2210,380.0000,0.0100
2022-06-13,SPY,2022-07-15,340.00,C,43.7406,43.9206,0.7000,0.2200,380.0000,0.0100
2022-06-13,SPY,2022-07-15,340.00,P,3.4427,3.6227,-0.3000,0.2200,380.0000,0.0100
2022-06-13,SPY,2022-07-15,342.00,C,41.8959,42.0719,0.6900,0.2190,380.0000,0.0100
2022-06-13,SPY,2022-07-15,342.00,P,3.5962,3.7722,-0.3100,0.2190,380.0000,0.0100
2022-06-13,SPY,2022-07-15,344.00,C,40.0503,40.2223,0.6800,0.2180,380.0000,0.0100
2022-06-13,SPY,2022-07-15,344.00,P,3.7489,3.9209,-0.3200,0.2180,380.0000,0.0100
2022-06-13,SPY,2022-07-15,346.00,C,38.2032,38.3712,0.6700,0.2170,380.0000,0.0100
2022-06-13,SPY,2022-07-15,346.00,P,3.9000,4.0680,-0.3300,0.2170,380.0000,0.0100
2022-06-13,SPY,2022-07-15,348.00,C,36.3537,36.5177,0.6600,0.2160,380.0000,0.0100
2022-06-13,SPY,2022-07-15,348.00,P,4.0487,4.2127,-0.3400,0.2160,380.0000,0.0100
2022-06-13,SPY,2022-07-15,350.00,C,34.5009,34.6609,0.6500,0.2150,380.0000,0.0100
2022-06-13,SPY,2022-07-15,350.00,P,4.1942,4.3542,-0.3500,0.2150,380.0000,0.0100
2022-06-13,SPY,2022-07-15,352.00,C,32.6440,32.8000,0.6400,0.2140,380.0000,0.0100
2022-06-13,SPY,2022-07-15,352.00,P,4.3355,4.4915,-0.3600,0.2140,380.0000,0.0100
2022-06-13,SPY,2022-07-15,354.00,C,30.7821,30.9341,0.6300,0.2130,380.0000,0.0100
2022-06-13,SPY,2022-07-15,354.00,P,4.4719,4.6239,-0.3700,0.2130,380.0000,0.0100
2022-06-13,SPY,2022-07-15,356.00,C,28.9143,29.0623,0.6200,0.2120,380.0000,0.0100
2022-06-13,SPY,2022-07-15,356.00,P,4.6024,4.7504,-0.3800,0.2120,380.0000,0.0100
2022-06-13,SPY,2022-07-15,358.00,C,27.0399,27.1839,0.6100,0.2110,380.0000,0.0100
2022-06-13,SPY,2022-07-15,358.00,P,4.7262,4.8702,-0.3900,0.2110,380.0000,0.0100
2022-06-13,SPY,2022-07-15,360.00,C,25.1580,25.2980,0.6000,0.2100,380.0000,0.0100
2022-06-13,SPY,2022-07-15,360.00,P,4.8425,4.9825,-0.4000,0.2100,380.0000,0.0100
2022-06-13,SPY,2022-07-15,362.00,C,23.2678,23.4038,0.5900,0.2090,380.0000,0.0100
2022-06-13,SPY,2022-07-15,362.00,P,4.9505,5.0865,-0.4100,0.2090,380.0000,0.0100
2022-06-13,SPY,2022-07-15,364.00,C,21.3686,21.5006,0.5800,0.2080,380.0000,0.0100
2022-06-13,SPY,2022-07-15,364.00,P,5.0496,5.1816,-0.4200,0.2080,380.0000,0.0100
2022-06-13,SPY,2022-07-15,366.00,C,19.4597,19.5877,0.5700,0.2070,380.0000,0.0100
2022-06-13,SPY,2022-07-15,366.00,P,5.1389,5.2669,-0.4300,0.2070,380.0000,0.0100
2022-06-13,SPY,2022-07-15,368.00,C,17.5405,17.6645,0.5600,0.2060,380.0000,0.0100
2022-06-13,SPY,2022-07-15,368.00,P,5.2180,5.3420,-0.4400,0.2060,380.0000,0.0100
2022-06-13,SPY,2022-07-15,370.00,C,15.6104,15.7304,0.5500,0.2050,380.0000,0.0100
2022-06-13,SPY,2022-07-15,370.00,P,5.2862,5.4062,-0.4500,0.2050,380.0000,0.0100
2022-06-13,SPY,2022-07-15,372.00,C,13.6690,13.7850,0.5400,0.2040,380.0000,0.0100
2022-06-13,SPY,2022-07-15,372.00,P,5.3430,5.4590,-0.4600,0.2040,380.0000,0.0100
2022-06-13,SPY,2022-07-15,374.00,C,11.7158,11.8278,0.5300,0.2030,380.0000,0.0100
2022-06-13,SPY,2022-07-15,374.00,P,5.3881,5.5001,-0.4700,0.2030,380.0000,0.0100
2022-06-13,SPY,2022-07-15,376.00,C,9.7506,9.8586,0.5200,0.2020,380.0000,0.0100
2022-06-13,SPY,2022-07-15,376.00,P,5.4211,5.5291,-0.4800,0.2020,380.0000,0.0100
2022-06-13,SPY,2022-07-15,378.00,C,7.7730,7.8770,0.5100,0.2010,380.0000,0.0100
2022-06-13,SPY,2022-07-15,378.00,P,5.4418,5.5458,-0.4900,0.2010,380.0000,0.0100
2022-06-13,SPY,2022-07-15,380.00,C,5.7830,5.8830,0.5000,0.2000,380.0000,0.0100
2022-06-13,SPY,2022-07-15,380.00,P,5.4500,5.5500,-0.5000,0.2000,380.0000,0.0100
2022-06-13,SPY,2022-07-15,382.00,C,5.4418,5.5458,0.4900,0.2010,380.0000,0.0100
2022-06-13,SPY,2022-07-15,382.00,P,7.1070,7.2110,-0.5100,0.2010,380.0000,0.0100
2022-06-13,SPY,2022-07-15,384.00,C,5.4211,5.5291,0.4800,0.2020,380.0000,0.0100
2022-06-13,SPY,2022-07-15,384.00,P,9.0846,9.1926,-0.5200,0.2020,380.0000,0.0100
2022-06-13,SPY,2022-07-15,386.00,C,5.3881,5.5001,0.4700,0.2030,380.0000,0.0100
2022-06-13,SPY,2022-07-15,386.00,P,11.0498,11.1618,-0.5300,0.2030,380.0000,0.0100
2022-06-13,SPY,2022-07-15,388.00,C,5.3430,5.4590,0.4600,0.2040,380.0000,0.0100
2022-06-13,SPY,2022-07-15,388.00,P,13.0030,13.1190,-0.5400,0.2040,380.0000,0.0100
2022-06-13,SPY,2022-07-15,390.00,C,5.2862,5.4062,0.4500,0.2050,380.0000,0.0100
2022-06-13,SPY,2022-07-15,390.00,P,14.9444,15.0644,-0.5500,0.2050,380.0000,0.0100
2022-06-13,SPY,2022-07-15,392.00,C,5.2180,5.3420,0.4400,0.2060,380.0000,0.0100
2022-06-13,SPY,2022-07-15,392.00,P,16.8745,16.9985,-0.5600,0.2060,380.0000,0.0100
2022-06-13,SPY,2022-07-15,394.00,C,5.1389,5.2669,0.4300,0.2070,380.0000,0.0100
2022-06-13,SPY,2022-07-15,394.00,P,18.7937,18.9217,-0.5700,0.2070,380.0000,0.0100
2022-06-13,SPY,2022-07-15,396.00,C,5.0496,5.1816,0.4200,0.2080,380.0000,0.0100
2022-06-13,SPY,2022-07-15,396.00,P,20.7026,20.8346,-0.5800,0.2080,380.0000,0.0100
2022-06-13,SPY,2022-07-15,398.00,C,4.9505,5.0865,0.4100,0.2090,380.0000,0.0100
2022-06-13,SPY,2022-07-15,398.00,P,22.6018,22.7378,-0.5900,0.2090,380.0000,0.0100
2022-06-13,SPY,2022-07-15,400.00,C,4.8425,4.9825,0.4000,0.2100,380.0000,0.0100
2022-06-13,SPY,2022-07-15,400.00,P,24.4920,24.6320,-0.6000,0.2100,380.0000,0.0100
2022-06-13,SPY,2022-07-15,402.00,C,4.7262,4.8702,0.3900,0.2110,380.0000,0.0100
2022-06-13,SPY,2022-07-15,402.00,P,26.3739,26.5179,-0.6100,0.2110,380.0000,0.0100
2022-06-13,SPY,2022-07-15,404.00,C,4.6024,4.7504,0.3800,0.2120,380.0000,0.0100
2022-06-13,SPY,2022-07-15,404.00,P,28.2483,28.3963,-0.6200,0.2120,380.0000,0.0100
2022-06-13,SPY,2022-07-15,406.00,C,4.4719,4.6239,0.3700,0.2130,380.0000,0.0100
2022-06-13,SPY,2022-07-15,406.00,P,30.1161,30.2681,-0.6300,0.2130,380.0000,0.0100
2022-06-13,SPY,2022-07-15,408.00,C,4.3355,4.4915,0.3600,0.2140,380.0000,0.0100
2022-06-13,SPY,2022-07-15,408.00,P,31.9780,32.1340,-0.6400,0.2140,380.0000,0.0100
2022-06-13,SPY,2022-07-15,410.00,C,4.1942,4.3542,0.3500,0.2150,380.0000,0.0100
2022-06-13,SPY,2022-07-15,410.00,P,33.8349,33.9949,-0.6500,0.2150,380.0000,0.0100
2022-06-13,SPY,2022-07-15,412.00,C,4.0487,4.2127,0.3400,0.2160,380.0000,0.0100
2022-06-13,SPY,2022-07-15,412.00,P,35.6877,35.8517,-0.6600,0.2160,380.0000,0.0100
2022-06-13,SPY,2022-07-15,414.00,C,3.9000,4.0680,0.3300,0.2170,380.0000,0.0100
2022-06-13,SPY,2022-07-15,414.00,P,37.5372,37.7052,-0.6700,0.2170,380.0000,0.0100
2022-06-13,SPY,2022-07-15,416.00,C,3.7489,3.9209,0.3200,0.2180,380.0000,0.0100
2022-06-13,SPY,2022-07-15,416.00,P,39.3843,39.5563,-0.6800,0.2180,380.0000,0.0100
2022-06-13,SPY,2022-07-15,418.00,C,3.5962,3.7722,0.3100,0.2190,380.0000,0.0100
2022-06-13,SPY,2022-07-15,418.00,P,41.2299,41.4059,-0.6900,0.2190,380.0000,0.0100
2022-06-13,SPY,2022-07-15,420.00,C,3.4427,3.6227,0.3000,0.2200,380.0000,0.0100
2022-06-13,SPY,2022-07-15,420.00,P,43.0746,43.2546,-0.7000,0.2200,380.0000,0.0100
2022-06-13,SPY,2022-07-15,422.00,C,3.2891,3.4731,0.2900,0.2210,380.0000,0.0100
2022-06-13,SPY,2022-07-15,422.00,P,44.9193,45.1033,-0.7100,0.2210,380.0000,0.0100
2022-06-13,SPY,2022-07-15,424.00,C,3.1364,3.3244,0.2800,0.2220,380.0000,0.0100
2022-06-13,SPY,2022-07-15,424.00,P,46.7648,46.9528,-0.7200,0.2220,380.0000,0.0100
2022-06-13,SPY,2022-07-15,426.00,C,2.9850,3.1770,0.2700,0.2230,380.0000,0.0100
2022-06-13,SPY,2022-07-15,426.00,P,48.6117,48.8037,-0.7300,0.2230,380.0000,0.0100
2022-06-13,SPY,2022-07-15,428.00,C,2.8358,3.0318,0.2600,0.2240,380.0000,0.0100
2022-06-13,SPY,2022-07-15,428.00,P,50.4607,50.6567,-0.7400,0.2240,380.0000,0.0100
2022-06-13,SPY,2022-07-15,430.00,C,2.6892,2.8892,0.2500,0.2250,380.0000,0.0100
2022-06-13,SPY,2022-07-15,430.00,P,52.3123,52.5123,-0.7500,0.2250,380.0000,0.0100
2022-06-13,SPY,2022-07-15,432.00,C,2.5458,2.7498,0.2400,0.2260,380.0000,0.0100
2022-06-13,SPY,2022-07-15,432.00,P,54.1672,54.3712,-0.7600,0.2260,380.0000,0.0100
2022-06-13,SPY,2022-07-15,434.00,C,2.4061,2.6141,0.2300,0.2270,380.0000,0.0100
2022-06-13,SPY,2022-07-15,434.00,P,56.0258,56.2338,-0.7700,0.2270,380.0000,0.0100
2022-06-13,SPY,2022-07-15,436.00,C,2.2706,2.4826,0.2200,0.2280,380.0000,0.0100
2022-06-13,SPY,2022-07-15,436.00,P,57.8885,58.1005,-0.7800,0.2280,380.0000,0.0100
2022-06-13,SPY,2022-07-15,438.00,C,2.1395,2.3555,0.2100,0.2290,380.0000,0.0100
2022-06-13,SPY,2022-07-15,438.00,P,59.7557,59.9717,-0.7900,0.2290,380.0000,0.0100
2022-06-13,SPY,2022-07-15,440.00,C,2.0133,2.2333,0.2000,0.2300,380.0000,0.0100
2022-06-13,SPY,2022-07-15,440.00,P,61.6277,61.8477,-0.8000,0.2300,380.0000,0.0100
2022-06-13,SPY,2022-07-15,442.00,C,1.8921,2.1161,0.1900,0.2310,380.0000,0.0100
2022-06-13,SPY,2022-07-15,442.00,P,63.5048,63.7288,-0.8100,0.2310,380.0000,0.0100
2022-06-13,SPY,2022-07-15,444.00,C,1.7762,2.0042,0.1800,0.2320,380.0000,0.0100
2022-06-13,SPY,2022-07-15,444.00,P,65.3871,65.6151,-0.8200,0.2320,380.0000,0.0100
2022-06-13,SPY,2022-07-15,446.00,C,1.6657,1.8977,0.1700,0.2330,380.0000,0.0100
2022-06-13,SPY,2022-07-15,446.00,P,67.2749,67.5069,-0.8300,0.2330,380.0000,0.0100
2022-06-13,SPY,2022-07-15,448.00,C,1.5607,1.7967,0.1600,0.2340,380.0000,0.0100
2022-06-13,SPY,2022-07-15,448.00,P,69.1681,69.4041,-0.8400,0.2340,380.0000,0.0100
2022-06-13,SPY,2022-07-15,450.00,C,1.4613,1.7013,0.1500,0.2350,380.0000,0.0100
2022-06-13,SPY,2022-07-15,450.00,P,71.0670,71.3070,-0.8500,0.2350,380.0000,0.0100
2022-06-13,SPY,2022-07-15,452.00,C,1.3675,1.6115,0.1400,0.2360,380.0000,0.0100
2022-06-13,SPY,2022-07-15,452.00,P,72.9714,73.2154,-0.8600,0.2360,380.0000,0.0100
2022-06-13,SPY,2022-07-15,454.00,C,1.2792,1.5272,0.1300,0.2370,380.0000,0.0100
2022-06-13,SPY,2022-07-15,454.00,P,74.8813,75.1293,-0.8700,0.2370,380.0000,0.0100
2022-06-13,SPY,2022-07-15,456.00,C,1.1964,1.4484,0.1200,0.2380,380.0000,0.0100
2022-06-13,SPY,2022-07-15,456.00,P,76.7968,77.0488,-0.8800,0.2380,380.0000,0.0100
2022-06-13,SPY,2022-07-15,458.00,C,1.1189,1.3749,0.1100,0.2390,380.0000,0.0100
2022-06-13,SPY,2022-07-15,458.00,P,78.7176,78.9736,-0.8900,0.2390,380.0000,0.0100
2022-06-13,SPY,2022-07-15,460.00,C,1.0467,1.3067,0.1000,0.2400,380.0000,0.0100
2022-06-13,SPY,2022-07-15,460.00,P,80.6436,80.9036,-0.9000,0.2400,380.0000,0.0100
2022-06-13,SPY,2022-07-15,462.00,C,0.9795,1.2435,0.0900,0.2410,380.0000,0.0100
2022-06-13,SPY,2022-07-15,462.00,P,82.5747,82.8387,-0.9100,0.2410,380.0000,0.0100
2022-06-13,SPY,2022-07-15,464.00,C,0.9173,1.1853,0.0800,0.2420,380.0000,0.0100
2022-06-13,SPY,2022-07-15,464.00,P,84.5106,84.7786,-0.9200,0.2420,380.0000,0.0100
2022-06-13,SPY,2022-07-15,466.00,C,0.8597,1.1317,0.0700,0.2430,380.0000,0.0100
2022-06-13,SPY,2022-07-15,466.00,P,86.4513,86.7233,-0.9300,0.2430,380.0000,0.0100
2022-06-13,SPY,2022-07-15,468.00,C,0.8066,1.0826,0.0600,0.2440,380.0000,0.0100
2022-06-13,SPY,2022-07-15,468.00,P,88.3965,88.6725,-0.9400,0.2440,380.0000,0.0100
2022-06-13,SPY,2022-07-15,470.00,C,0.7578,1.0378,0.0500,0.2450,380.0000,0.0100
2022-06-13,SPY,2022-07-15,470.00,P,90.3459,90.6259,-0.9500,0.2450,380.0000,0.0100
2022-06-13,SPY,2022-07-15,472.00,C,0.7130,0.9970,0.0400,0.2460,380.0000,0.0100
2022-06-13,SPY,2022-07-15,472.00,P,92.2994,92.5834,-0.9600,0.2460,380.0000,0.0100
2022-06-13,SPY,2022-07-15,474.00,C,0.6721,0.9601,0.0300,0.2470,380.0000,0.0100
2022-06-13,SPY,2022-07-15,474.00,P,94.2567,94.5447,-0.9700,0.2470,380.0000,0.0100
2022-06-13,SPY,2022-07-15,476.00,C,0.6347,0.9267,0.0200,0.2480,380.0000,0.0100
2022-06-13,SPY,2022-07-15,476.00,P,96.2175,96.5095,-0.9800,0.2480,380.0000,0.0100
2022-06-13,SPY,2022-07-15,478.00,C,0.6006,0.8966,0.0100,0.2490,380.0000,0.0100
2022-06-13,SPY,2022-07-15,478.00,P,98.1817,98.4777,-0.9900,0.2490,380.0000,0.0100
2022-06-13,SPY,2022-07-15,480.00,C,0.5697,0.8697,0.0000,0.2500,380.0000,0.0100
2022-06-13,SPY,2022-07-15,480.00,P,100.1490,100.4490,-1.0000,0.2500,380.0000,0.0100
2022-06-13,SPY,2022-07-15,482.00,C,0.5416,0.8456,0.0000,0.2510,380.0000,0.0100
2022-06-13,SPY,2022-07-15,482.00,P,102.1192,102.4232,-1.0000,0.2510,380.0000,0.0100
2022-06-13,SPY,2022-07-15,484.00,C,0.5162,0.8242,0.0000,0.2520,380.0000,0.0100
2022-06-13,SPY,2022-07-15,484.00,P,104.0921,104.4001,-1.0000,0.2520,380.0000,0.0100
2022-06-13,SPY,2022-07-15,486.00,C,0.4933,0.8053,0.0000,0.2530,380.0000,0.0100
2022-06-13,SPY,2022-07-15,486.00,P,106.0674,106.3794,-1.0000,0.2530,380.0000,0.0100
2022-06-13,SPY,2022-07-15,488.00,C,0.4726,0.7886,0.0000,0.2540,380.0000,0.0100
2022-06-13,SPY,2022-07-15,488.00,P,108.0450,108.3610,-1.0000,0.2540,380.0000,0.0100
2022-06-13,SPY,2022-07-15,490.00,C,0.4540,0.7740,0.0000,0.2550,380.0000,0.0100
2022-06-13,SPY,2022-07-15,490.00,P,110.0246,110.3446,-1.0000,0.2550,380.0000,0.0100
2022-06-13,SPY,2022-07-15,492.00,C,0.4372,0.7612,0.0000,0.2560,380.0000,0.0100
2022-06-13,SPY,2022-07-15,492.00,P,112.0061,112.3301,-1.0000,0.2560,380.0000,0.0100
2022-06-13,SPY,2022-07-15,494.00,C,0.4221,0.7501,0.0000,0.2570,380.0000,0.0100
2022-06-13,SPY,2022-07-15,494.00,P,113.9892,114.3172,-1.0000,0.2570,380.0000,0.0100
2022-06-13,SPY,2022-07-15,496.00,C,0.4086,0.7406,0.0000,0.2580,380.0000,0.0100
2022-06-13,SPY,2022-07-15,496.00,P,115.9739,116.3059,-1.0000,0.2580,380.0000,0.0100
2022-06-13,SPY,2022-07-15,498.00,C,0.3965,0.7325,0.0000,0.2590,380.0000,0.0100
2022-06-13,SPY,2022-07-15,498.00,P,117.9600,118.2960,-1.0000,0.2590,380.0000,0.0100
2022-06-14,SPY,2022-07-15,300.00,C,82.7505,83.0135,0.9075,0.2408,381.5000,0.0100
2022-06-14,SPY,2022-07-15,300.00,P,0.9958,1.2588,-0.0925,0.2408,381.5000,0.0100
2022-06-14,SPY,2022-07-15,302.00,C,80.8206,81.0796,0.8975,0.2398,381.5000,0.0100
2022-06-14,SPY,2022-07-15,302.00,P,1.0643,1.3233,-0.1025,0.2398,381.5000,0.0100
2022-06-14,SPY,2022-07-15,304.00,C,78.8959,79.1509,0.8875,0.2388,381.5000,0.0100
2022-06-14,SPY,2022-07-15,304.00,P,1.1378,1.3928,-0.1125,0.2388,381.5000,0.0100
2022-06-14,SPY,2022-07-15,306.00,C,76.9764,77.2274,0.8775,0.2378,381.5000,0.0100
2022-06-14,SPY,2022-07-15,306.00,P,1.2166,1.4676,-0.1225,0.2378,381.5000,0.0100
2022-06-14,SPY,2022-07-15,308.00,C,75.0622,75.3092,0.8675,0.2368,381.5000,0.0100
2022-06-14,SPY,2022-07-15,308.00,P,1.3008,1.5478,-0.1325,0.2368,381.5000,0.0100
2022-06-14,SPY,2022-07-15,310.00,C,73.1536,73.3966,0.8575,0.2358,381.5000,0.0100
2022-06-14,SPY,2022-07-15,310.00,P,1.3904,1.6334,-0.1425,0.2358,381.5000,0.0100
2022-06-14,SPY,2022-07-15,312.00,C,71.2505,71.4895,0.8475,0.2348,381.5000,0.0100
2022-06-14,SPY,2022-07-15,312.00,P,1.4857,1.7247,-0.1525,0.2348,381.5000,0.0100
2022-06-14,SPY,2022-07-15,314.00,C,69.3530,69.5880,0.8375,0.2338,381.5000,0.0100
2022-06-14,SPY,2022-07-15,314.00,P,1.5865,1.8215,-0.1625,0.2338,381.5000,0.0100
2022-06-14,SPY,2022-07-15,316.00,C,67.4611,67.6921,0.8275,0.2328,381.5000,0.0100
2022-06-14,SPY,2022-07-15,316.00,P,1.6928,1.9238,-0.1725,0.2328,381.5000,0.0100
2022-06-14,SPY,2022-07-15,318.00,C,65.5746,65.8016,0.8175,0.2318,381.5000,0.0100
2022-06-14,SPY,2022-07-15,318.00,P,1.8047,2.0317,-0.1825,0.2318,381.5000,0.0100
2022-06-14,SPY,2022-07-15,320.00,C,63.6936,63.9166,0.8075,0.2308,381.5000,0.0100
2022-06-14,SPY,2022-07-15,320.00,P,1.9219,2.1449,-0.1925,0.2308,381.5000,0.0100
2022-06-14,SPY,2022-07-15,322.00,C,61.8177,62.0367,0.7975,0.2298,381.5000,0.0100
2022-06-14,SPY,2022-07-15,322.00,P,2.0444,2.2634,-0.2025,0.2298,381.5000,0.0100
2022-06-14,SPY,2022-07-15,324.00,C,59.9469,60.1619,0.7875,0.2288,381.5000,0.0100
2022-06-14,SPY,2022-07-15,324.00,P,2.1718,2.3868,-0.2125,0.2288,381.5000,0.0100
2022-06-14,SPY,2022-07-15,326.00,C,58.0808,58.2918,0.7775,0.2278,381.5000,0.0100
2022-06-14,SPY,2022-07-15,326.00,P,2.3040,2.5150,-0.2225,0.2278,381.5000,0.0100
2022-06-14,SPY,2022-07-15,328.00,C,56.2191,56.4261,0.7675,0.2268,381.5000,0.0100
2022-06-14,SPY,2022-07-15,328.00,P,2.4407,2.6477,-0.2325,0.2268,381.5000,0.0100
2022-06-14,SPY,2022-07-15,330.00,C,54.3615,54.5645,0.7575,0.2258,381.5000,0.0100
2022-06-14,SPY,2022-07-15,330.00,P,2.5813,2.7843,-0.2425,0.2258,381.5000,0.0100
2022-06-14,SPY,2022-07-15,332.00,C,52.5074,52.7064,0.7475,0.2248,381.5000,0.0100
2022-06-14,SPY,2022-07-15,332.00,P,2.7255,2.9245,-0.2525,0.2248,381.5000,0.0100
2022-06-14,SPY,2022-07-15,334.00,C,50.6564,50.8514,0.7375,0.2238,381.5000,0.0100
2022-06-14,SPY,2022-07-15,334.00,P,2.8728,3.0678,-0.2625,0.2238,381.5000,0.0100
2022-06-14,SPY,2022-07-15,336.00,C,48.8079,48.9989,0.7275,0.2228,381.5000,0.0100
2022-06-14,SPY,2022-07-15,336.00,P,3.0227,3.2137,-0.2725,0.2228,381.5000,0.0100
2022-06-14,SPY,2022-07-15,338.00,C,46.9614,47.1484,0.7175,0.2218,381.5000,0.0100
2022-06-14,SPY,2022-07-15,338.00,P,3.1745,3.3615,-0.2825,0.2218,381.5000,0.0100
2022-06-14,SPY,2022-07-15,340.00,C,45.1161,45.2991,0.7075,0.2208,381.5000,0.0100
2022-06-14,SPY,2022-07-15,340.00,P,3.3275,3.5105,-0.2925,0.2208,381.5000,0.0100
2022-06-14,SPY,2022-07-15,342.00,C,43.2714,43.4504,0.6975,0.2198,381.5000,0.0100
2022-06-14,SPY,2022-07-15,342.00,P,3.4811,3.6601,-0.3025,0.2198,381.5000,0.0100
2022-06-14,SPY,2022-07-15,344.00,C,41.4265,41.6015,0.6875,0.2188,381.5000,0.0100
2022-06-14,SPY,2022-07-15,344.00,P,3.6344,3.8094,-0.3125,0.2188,381.5000,0.0100
2022-06-14,SPY,2022-07-15,346.00,C,39.5806,39.7516,0.6775,0.2177,381.5000,0.0100
2022-06-14,SPY,2022-07-15,346.00,P,3.7868,3.9578,-0.3225,0.2177,381.5000,0.0100
2022-06-14,SPY,2022-07-15,348.00,C,37.7329,37.8999,0.6675,0.2167,381.5000,0.0100
2022-06-14,SPY,2022-07-15,348.00,P,3.9375,4.1045,-0.3325,0.2167,381.5000,0.0100
2022-06-14,SPY,2022-07-15,350.00,C,35.8826,36.0456,0.6575,0.2157,381.5000,0.0100
2022-06-14,SPY,2022-07-15,350.00,P,4.0854,4.2484,-0.3425,0.2157,381.5000,0.0100
2022-06-14,SPY,2022-07-15,352.00,C,34.0288,34.1878,0.6475,0.2148,381.5000,0.0100
2022-06-14,SPY,2022-07-15,352.00,P,4.2299,4.3889,-0.3525,0.2148,381.5000,0.0100
2022-06-14,SPY,2022-07-15,354.00,C,32.1706,32.3256,0.6375,0.2138,381.5000,0.0100
2022-06-14,SPY,2022-07-15,354.00,P,4.3701,4.5251,-0.3625,0.2138,381.5000,0.0100
2022-06-14,SPY,2022-07-15,356.00,C,30.3073,30.4583,0.6275,0.2128,381.5000,0.0100
2022-06-14,SPY,2022-07-15,356.00,P,4.5051,4.6561,-0.3725,0.2128,381.5000,0.0100
2022-06-14,SPY,2022-07-15,358.00,C,28.4379,28.5849,0.6175,0.2118,381.5000,0.0100
2022-06-14,SPY,2022-07-15,358.00,P,4.6340,4.7810,-0.3825,0.2118,381.5000,0.0100
2022-06-14,SPY,2022-07-15,360.00,C,26.5616,26.7046,0.6075,0.2108,381.5000,0.0100
2022-06-14,SPY,2022-07-15,360.00,P,4.7560,4.8990,-0.3925,0.2108,381.5000,0.0100
2022-06-14,SPY,2022-07-15,362.00,C,24.6776,24.8166,0.5975,0.2098,381.5000,0.0100
2022-06-14,SPY,2022-07-15,362.00,P,4.8703,5.0093,-0.4025,0.2098,381.5000,0.0100
2022-06-14,SPY,2022-07-15,364.00,C,22.7852,22.9202,0.5875,0.2088,381.5000,0.0100
2022-06-14,SPY,2022-07-15,364.00,P,4.9762,5.1112,-0.4125,0.2088,381.5000,0.0100
2022-06-14,SPY,2022-07-15,366.00,C,20.8836,21.0146,0.5775,0.2078,381.5000,0.0100
2022-06-14,SPY,2022-07-15,366.00,P,5.0729,5.2039,-0.4225,0.2078,381.5000,0.0100
2022-06-14,SPY,2022-07-15,368.00,C,18.9721,19.0991,0.5675,0.2068,381.5000,0.0100
2022-06-14,SPY,2022-07-15,368.00,P,5.1597,5.2867,-0.4325,0.2068,381.5000,0.0100
2022-06-14,SPY,2022-07-15,370.00,C,17.0502,17.1732,0.5575,0.2058,381.5000,0.0100
2022-06-14,SPY,2022-07-15,370.00,P,5.2361,5.3591,-0.4425,0.2058,381.5000,0.0100
2022-06-14,SPY,2022-07-15,372.00,C,15.1173,15.2363,0.5475,0.2048,381.5000,0.0100
2022-06-14,SPY,2022-07-15,372.00,P,5.3015,5.4205,-0.4525,0.2048,381.5000,0.0100
2022-06-14,SPY,2022-07-15,374.00,C,13.1729,13.2879,0.5375,0.2038,381.5000,0.0100
2022-06-14,SPY,2022-07-15,374.00,P,5.3554,5.4704,-0.4625,0.2038,381.5000,0.0100
2022-06-14,SPY,2022-07-15,376.00,C,11.2167,11.3277,0.5275,0.2028,381.5000,0.0100
2022-06-14,SPY,2022-07-15,376.00,P,5.3975,5.5085,-0.4725,0.2028,381.5000,0.0100
2022-06-14,SPY,2022-07-15,378.00,C,9.2483,9.3553,0.5175,0.2018,381.5000,0.0100
2022-06-14,SPY,2022-07-15,378.00,P,5.4274,5.5344,-0.4825,0.2018,381.5000,0.0100
2022-06-14,SPY,2022-07-15,380.00,C,7.2676,7.3706,0.5075,0.2008,381.5000,0.0100
2022-06-14,SPY,2022-07-15,380.00,P,5.4450,5.5480,-0.4925,0.2008,381.5000,0.0100
2022-06-14,SPY,2022-07-15,382.00,C,5.4491,5.5501,0.4975,0.2003,381.5000,0.0100
2022-06-14,SPY,2022-07-15,382.00,P,5.6248,5.7258,-0.5025,0.2003,381.5000,0.0100
2022-06-14,SPY,2022-07-15,384.00,C,5.4377,5.5427,0.4875,0.2013,381.5000,0.0100
2022-06-14,SPY,2022-07-15,384.00,P,7.6117,7.7167,-0.5125,0.2013,381.5000,0.0100
2022-06-14,SPY,2022-07-15,386.00,C,5.4140,5.5230,0.4775,0.2023,381.5000,0.0100
2022-06-14,SPY,2022-07-15,386.00,P,9.5863,9.6953,-0.5225,0.2023,381.5000,0.0100
2022-06-14,SPY,2022-07-15,388.00,C,5.3779,5.4909,0.4675,0.2033,381.5000,0.0100
2022-06-14,SPY,2022-07-15,388.00,P,11.5485,11.6615,-0.5325,0.2033,381.5000,0.0100
2022-06-14,SPY,2022-07-15,390.00,C,5.3299,5.4469,0.4575,0.2043,381.5000,0.0100
2022-06-14,SPY,2022-07-15,390.00,P,13.4988,13.6158,-0.5425,0.2043,381.5000,0.0100
2022-06-14,SPY,2022-07-15,392.00,C,5.2702,5.3912,0.4475,0.2053,381.5000,0.0100
2022-06-14,SPY,2022-07-15,392.00,P,15.4374,15.5584,-0.5525,0.2053,381.5000,0.0100
2022-06-14,SPY,2022-07-15,394.00,C,5.1992,5.3242,0.4375,0.2063,381.5000,0.0100
2022-06-14,SPY,2022-07-15,394.00,P,17.3647,17.4897,-0.5625,0.2063,381.5000,0.0100
2022-06-14,SPY,2022-07-15,396.00,C,5.1175,5.2465,0.4275,0.2073,381.5000,0.0100
2022-06-14,SPY,2022-07-15,396.00,P,19.2814,19.4104,-0.5725,0.2073,381.5000,0.0100
2022-06-14,SPY,2022-07-15,398.00,C,5.0257,5.1587,0.4175,0.2083,381.5000,0.0100
2022-06-14,SPY,2022-07-15,398.00,P,21.1878,21.3208,-0.5825,0.2083,381.5000,0.0100
2022-06-14,SPY,2022-07-15,400.00,C,4.9243,5.0613,0.4075,0.2093,381.5000,0.0100
2022-06-14,SPY,2022-07-15,400.00,P,23.0848,23.2218,-0.5925,0.2093,381.5000,0.0100
2022-06-14,SPY,2022-07-15,402.00,C,4.8141,4.9551,0.3975,0.2103,381.5000,0.0100
2022-06-14,SPY,2022-07-15,402.00,P,24.9729,25.1139,-0.6025,0.2103,381.5000,0.0100
2022-06-14,SPY,2022-07-15,404.00,C,4.6959,4.8409,0.3875,0.2113,381.5000,0.0100
2022-06-14,SPY,2022-07-15,404.00,P,26.8529,26.9979,-0.6125,0.2113,381.5000,0.0100
2022-06-14,SPY,2022-07-15,406.00,C,4.5703,4.7193,0.3775,0.2123,381.5000,0.0100
2022-06-14,SPY,2022-07-15,406.00,P,28.7256,28.8746,-0.6225,0.2123,381.5000,0.0100
2022-06-14,SPY,2022-07-15,408.00,C,4.4383,4.5913,0.3675,0.2133,381.5000,0.0100
2022-06-14,SPY,2022-07-15,408.00,P,30.5919,30.7449,-0.6325,0.2133,381.5000,0.0100
2022-06-14,SPY,2022-07-15,410.00,C,4.3006,4.4576,0.3575,0.2143,381.5000,0.0100
2022-06-14,SPY,2022-07-15,410.00,P,32.4526,32.6096,-0.6425,0.2143,381.5000,0.0100
2022-06-14,SPY,2022-07-15,412.00,C,4.1582,4.3192,0.3475,0.2152,381.5000,0.0100
2022-06-14,SPY,2022-07-15,412.00,P,34.3084,34.4694,-0.6525,0.2152,381.5000,0.0100
2022-06-14,SPY,2022-07-15,414.00,C,4.0118,4.1768,0.3375,0.2162,381.5000,0.0100
2022-06-14,SPY,2022-07-15,414.00,P,36.1604,36.3254,-0.6625,0.2162,381.5000,0.0100
2022-06-14,SPY,2022-07-15,416.00,C,3.8624,4.0314,0.3275,0.2172,381.5000,0.0100
2022-06-14,SPY,2022-07-15,416.00,P,38.0093,38.1783,-0.6725,0.2172,381.5000,0.0100
2022-06-14,SPY,2022-07-15,418.00,C,3.7108,3.8838,0.3175,0.2182,381.5000,0.0100
2022-06-14,SPY,2022-07-15,418.00,P,39.8560,40.0290,-0.6825,0.2182,381.5000,0.0100
2022-06-14,SPY,2022-07-15,420.00,C,3.5578,3.7348,0.3075,0.2193,381.5000,0.0100
2022-06-14,SPY,2022-07-15,420.00,P,41.7013,41.8783,-0.6925,0.2193,381.5000,0.0100
2022-06-14,SPY,2022-07-15,422.00,C,3.4042,3.5852,0.2975,0.2203,381.5000,0.0100
2022-06-14,SPY,2022-07-15,422.00,P,43.5460,43.7270,-0.7025,0.2203,381.5000,0.0100
2022-06-14,SPY,2022-07-15,424.00,C,3.2509,3.4359,0.2875,0.2213,381.5000,0.0100
2022-06-14,SPY,2022-07-15,424.00,P,45.3909,45.5759,-0.7125,0.2213,381.5000,0.0100
2022-06-14,SPY,2022-07-15,426.00,C,3.0984,3.2874,0.2775,0.2223,381.5000,0.0100
2022-06-14,SPY,2022-07-15,426.00,P,47.2367,47.4257,-0.7225,0.2223,381.5000,0.0100
2022-06-14,SPY,2022-07-15,428.00,C,2.9475,3.1405,0.2675,0.2233,381.5000,0.0100
2022-06-14,SPY,2022-07-15,428.00,P,49.0841,49.2771,-0.7325,0.2233,381.5000,0.0100
2022-06-14,SPY,2022-07-15,430.00,C,2.7988,2.9958,0.2575,0.2243,381.5000,0.0100
2022-06-14,SPY,2022-07-15,430.00,P,50.9338,51.1308,-0.7425,0.2243,381.5000,0.0100
2022-06-14,SPY,2022-07-15,432.00,C,2.6530,2.8540,0.2475,0.2253,381.5000,0.0100
2022-06-14,SPY,2022-07-15,432.00,P,52.7863,52.9873,-0.7525,0.2253,381.5000,0.0100
2022-06-14,SPY,2022-07-15,434.00,C,2.5105,2.7155,0.2375,0.2263,381.5000,0.0100
2022-06-14,SPY,2022-07-15,434.00,P,54.6421,54.8471,-0.7625,0.2263,381.5000,0.0100
2022-06-14,SPY,2022-07-15,436.00,C,2.3718,2.5808,0.2275,0.2273,381.5000,0.0100
2022-06-14,SPY,2022-07-15,436.00,P,56.5017,56.7107,-0.7725,0.2273,381.5000,0.0100
2022-06-14,SPY,2022-07-15,438.00,C,2.2374,2.4504,0.2175,0.2283,381.5000,0.0100
2022-06-14,SPY,2022-07-15,438.00,P,58.3655,58.5785,-0.7825,0.2283,381.5000,0.0100
2022-06-14,SPY,2022-07-15,440.00,C,2.1075,2.3245,0.2075,0.2293,381.5000,0.0100
2022-06-14,SPY,2022-07-15,440.00,P,60.2339,60.4509,-0.7925,0.2293,381.5000,0.0100
2022-06-14,SPY,2022-07-15,442.00,C,1.9825,2.2035,0.1975,0.2303,381.5000,0.0100
2022-06-14,SPY,2022-07-15,442.00,P,62.1072,62.3282,-0.8025,0.2303,381.5000,0.0100
2022-06-14,SPY,2022-07-15,444.00,C,1.8626,2.0876,0.1875,0.2313,381.5000,0.0100
2022-06-14,SPY,2022-07-15,444.00,P,63.9857,64.2107,-0.8125,0.2313,381.5000,0.0100
2022-06-14,SPY,2022-07-15,446.00,C,1.7481,1.9771,0.1775,0.2323,381.5000,0.0100
2022-06-14,SPY,2022-07-15,446.00,P,65.8694,66.0984,-0.8225,0.2323,381.5000,0.0100
2022-06-14,SPY,2022-07-15,448.00,C,1.6389,1.8719,0.1675,0.2333,381.5000,0.0100
2022-06-14,SPY,2022-07-15,448.00,P,67.7586,67.9916,-0.8325,0.2333,381.5000,0.0100
2022-06-14,SPY,2022-07-15,450.00,C,1.5354,1.7724,0.1575,0.2343,381.5000,0.0100
2022-06-14,SPY,2022-07-15,450.00,P,69.6533,69.8903,-0.8425,0.2343,381.5000,0.0100
2022-06-14,SPY,2022-07-15,452.00,C,1.4373,1.6783,0.1475,0.2353,381.5000,0.0100
2022-06-14,SPY,2022-07-15,452.00,P,71.5536,71.7946,-0.8525,0.2353,381.5000,0.0100
2022-06-14,SPY,2022-07-15,454.00,C,1.3449,1.5899,0.1375,0.2363,381.5000,0.0100
2022-06-14,SPY,2022-07-15,454.00,P,73.4595,73.7045,-0.8625,0.2363,381.5000,0.0100
2022-06-14,SPY,2022-07-15,456.00,C,1.2580,1.5070,0.1275,0.2373,381.5000,0.0100
2022-06-14,SPY,2022-07-15,456.00,P,75.3709,75.6199,-0.8725,0.2373,381.5000,0.0100
2022-06-14,SPY,2022-07-15,458.00,C,1.1765,1.4295,0.1175,0.2383,381.5000,0.0100
2022-06-14,SPY,2022-07-15,458.00,P,77.2877,77.5407,-0.8825,0.2383,381.5000,0.0100
2022-06-14,SPY,2022-07-15,460.00,C,1.1004,1.3574,0.1075,0.2393,381.5000,0.0100
2022-06-14,SPY,2022-07-15,460.00,P,79.2098,79.4668,-0.8925,0.2393,381.5000,0.0100
2022-06-14,SPY,2022-07-15,462.00,C,1.0294,1.2904,0.0975,0.2403,381.5000,0.0100
2022-06-14,SPY,2022-07-15,462.00,P,81.1372,81.3982,-0.9025,0.2403,381.5000,0.0100
2022-06-14,SPY,2022-07-15,464.00,C,0.9635,1.2285,0.0875,0.2413,381.5000,0.0100
2022-06-14,SPY,2022-07-15,464.00,P,83.0696,83.3346,-0.9125,0.2413,381.5000,0.0100
2022-06-14,SPY,2022-07-15,466.00,C,0.9024,1.1714,0.0775,0.2423,381.5000,0.0100
2022-06-14,SPY,2022-07-15,466.00,P,85.0068,85.2758,-0.9225,0.2423,381.5000,0.0100
2022-06-14,SPY,2022-07-15,468.00,C,0.8460,1.1190,0.0675,0.2433,381.5000,0.0100
2022-06-14,SPY,2022-07-15,468.00,P,86.9487,87.2217,-0.9325,0.2433,381.5000,0.0100
2022-06-14,SPY,2022-07-15,470.00,C,0.7940,1.0710,0.0575,0.2443,381.5000,0.0100
2022-06-14,SPY,2022-07-15,470.00,P,88.8950,89.1720,-0.9425,0.2443,381.5000,0.0100
2022-06-14,SPY,2022-07-15,472.00,C,0.7462,1.0272,0.0475,0.2453,381.5000,0.0100
2022-06-14,SPY,2022-07-15,472.00,P,90.8455,91.1265,-0.9525,0.2453,381.5000,0.0100
2022-06-14,SPY,2022-07-15,474.00,C,0.7024,0.9874,0.0375,0.2463,381.5000,0.0100
2022-06-14,SPY,2022-07-15,474.00,P,92.8000,93.0850,-0.9625,0.2463,381.5000,0.0100
2022-06-14,SPY,2022-07-15,476.00,C,0.6624,0.9514,0.0275,0.2473,381.5000,0.0100
2022-06-14,SPY,2022-07-15,476.00,P,94.7583,95.0473,-0.9725,0.2473,381.5000,0.0100
2022-06-14,SPY,2022-07-15,478.00,C,0.6259,0.9189,0.0175,0.2483,381.5000,0.0100
2022-06-14,SPY,2022-07-15,478.00,P,96.7201,97.0131,-0.9825,0.2483,381.5000,0.0100
2022-06-14,SPY,2022-07-15,480.00,C,0.5926,0.8896,0.0075,0.2493,381.5000,0.0100
2022-06-14,SPY,2022-07-15,480.00,P,98.6851,98.9821,-0.9925,0.2493,381.5000,0.0100
2022-06-14,SPY,2022-07-15,482.00,C,0.5624,0.8634,0.0000,0.2503,381.5000,0.0100
2022-06-14,SPY,2022-07-15,482.00,P,100.6532,100.9542,-1.0000,0.2503,381.5000,0.0100
2022-06-14,SPY,2022-07-15,484.00,C,0.5350,0.8400,0.0000,0.2513,381.5000,0.0100
2022-06-14,SPY,2022-07-15,484.00,P,102.6241,102.9291,-1.0000,0.2513,381.5000,0.0100
2022-06-14,SPY,2022-07-15,486.00,C,0.5103,0.8193,0.0000,0.2523,381.5000,0.0100
2022-06-14,SPY,2022-07-15,486.00,P,104.5977,104.9067,-1.0000,0.2523,381.5000,0.0100
2022-06-14,SPY,2022-07-15,488.00,C,0.4879,0.8009,0.0000,0.2533,381.5000,0.0100
2022-06-14,SPY,2022-07-15,488.00,P,106.5736,106.8866,-1.0000,0.2533,381.5000,0.0100
2022-06-14,SPY,2022-07-15,490.00,C,0.4678,0.7848,0.0000,0.2543,381.5000,0.0100
2022-06-14,SPY,2022-07-15,490.00,P,108.5518,108.8688,-1.0000,0.2543,381.5000,0.0100
2022-06-14,SPY,2022-07-15,492.00,C,0.4496,0.7706,0.0000,0.2553,381.5000,0.0100
2022-06-14,SPY,2022-07-15,492.00,P,110.5319,110.8529,-1.0000,0.2553,381.5000,0.0100
2022-06-14,SPY,2022-07-15,494.00,C,0.4333,0.7583,0.0000,0.2563,381.5000,0.0100
2022-06-14,SPY,2022-07-15,494.00,P,112.5139,112.8389,-1.0000,0.2563,381.5000,0.0100
2022-06-14,SPY,2022-07-15,496.00,C,0.4186,0.7476,0.0000,0.2573,381.5000,0.0100
2022-06-14,SPY,2022-07-15,496.00,P,114.4975,114.8265,-1.0000,0.2573,381.5000,0.0100
2022-06-14,SPY,2022-07-15,498.00,C,0.4054,0.7384,0.0000,0.2583,381.5000,0.0100
2022-06-14,SPY,2022-07-15,498.00,P,116.4827,116.8157,-1.0000,0.2583,381.5000,0.0100
2022-06-15,SPY,2022-07-15,300.00,C,84.1943,84.4603,0.9150,0.2415,383.0000,0.0100
2022-06-15,SPY,2022-07-15,300.00,P,0.9478,1.2138,-0.0850,0.2415,383.0000,0.0100
2022-06-15,SPY,2022-07-15,302.00,C,82.2606,82.5226,0.9050,0.2405,383.0000,0.0100
2022-06-15,SPY,2022-07-15,302.00,P,1.0125,1.2745,-0.0950,0.2405,383.0000,0.0100
2022-06-15,SPY,2022-07-15,304.00,C,80.3319,80.5899,0.8950,0.2395,383.0000,0.0100
2022-06-15,SPY,2022-07-15,304.00,P,1.0821,1.3401,-0.1050,0.2395,383.0000,0.0100
2022-06-15,SPY,2022-07-15,306.00,C,78.4084,78.6624,0.8850,0.2385,383.0000,0.0100
2022-06-15,SPY,2022-07-15,306.00,P,1.1570,1.4110,-0.1150,0.2385,383.0000,0.0100
2022-06-15,SPY,2022-07-15,308.00,C,76.4902,76.7402,0.8750,0.2375,383.0000,0.0100
2022-06-15,SPY,2022-07-15,308.00,P,1.2371,1.4871,-0.1250,0.2375,383.0000,0.0100
2022-06-15,SPY,2022-07-15,310.00,C,74.5773,74.8233,0.8650,0.2365,383.0000,0.0100
2022-06-15,SPY,2022-07-15,310.00,P,1.3227,1.5687,-0.1350,0.2365,383.0000,0.0100
2022-06-15,SPY,2022-07-15,312.00,C,72.6700,72.9120,0.8550,0.2355,383.0000,0.0100
2022-06-15,SPY,2022-07-15,312.00,P,1.4137,1.6557,-0.1450,0.2355,383.0000,0.0100
2022-06-15,SPY,2022-07-15,314.00,C,70.7683,71.0063,0.8450,0.2345,383.0000,0.0100
2022-06-15,SPY,2022-07-15,314.00,P,1.5103,1.7483,-0.1550,0.2345,383.0000,0.0100
2022-06-15,SPY,2022-07-15,316.00,C,68.8721,69.1061,0.8350,0.2335,383.0000,0.0100
2022-06-15,SPY,2022-07-15,316.00,P,1.6125,1.8465,-0.1650,0.2335,383.0000,0.0100
2022-06-15,SPY,2022-07-15,318.00,C,66.9815,67.2115,0.8250,0.2325,383.0000,0.0100
2022-06-15,SPY,2022-07-15,318.00,P,1.7203,1.9503,-0.1750,0.2325,383.0000,0.0100
2022-06-15,SPY,2022-07-15,320.00,C,65.0964,65.3224,0.8150,0.2315,383.0000,0.0100
2022-06-15,SPY,2022-07-15,320.00,P,1.8335,2.0595,-0.1850,0.2315,383.0000,0.0100
2022-06-15,SPY,2022-07-15,322.00,C,63.2166,63.4386,0.8050,0.2305,383.0000,0.0100
2022-06-15,SPY,2022-07-15,322.00,P,1.9520,2.1740,-0.1950,0.2305,383.0000,0.0100
2022-06-15,SPY,2022-07-15,324.00,C,61.3420,61.5600,0.7950,0.2295,383.0000,0.0100
2022-06-15,SPY,2022-07-15,324.00,P,2.0758,2.2938,-0.2050,0.2295,383.0000,0.0100
2022-06-15,SPY,2022-07-15,326.00,C,59.4723,59.6863,0.7850,0.2285,383.0000,0.0100
2022-06-15,SPY,2022-07-15,326.00,P,2.2044,2.4184,-0.2150,0.2285,383.0000,0.0100
2022-06-15,SPY,2022-07-15,328.00,C,57.6073,57.8173,0.7750,0.2275,383.0000,0.0100
2022-06-15,SPY,2022-07-15,328.00,P,2.3378,2.5478,-0.2250,0.2275,383.0000,0.0100
2022-06-15,SPY,2022-07-15,330.00,C,55.7466,55.9526,0.7650,0.2265,383.0000,0.0100
2022-06-15,SPY,2022-07-15,330.00,P,2.4755,2.6815,-0.2350,0.2265,383.0000,0.0100
2022-06-15,SPY,2022-07-15,332.00,C,53.8898,54.0918,0.7550,0.2255,383.0000,0.0100
2022-06-15,SPY,2022-07-15,332.00,P,2.6170,2.8190,-0.2450,0.2255,383.0000,0.0100
2022-06-15,SPY,2022-07-15,334.00,C,52.0365,52.2345,0.7450,0.2245,383.0000,0.0100
2022-06-15,SPY,2022-07-15,334.00,P,2.7621,2.9601,-0.2550,0.2245,383.0000,0.0100
2022-06-15,SPY,2022-07-15,336.00,C,50.1861,50.3801,0.7350,0.2235,383.0000,0.0100
2022-06-15,SPY,2022-07-15,336.00,P,2.9101,3.1041,-0.2650,0.2235,383.0000,0.0100
2022-06-15,SPY,2022-07-15,338.00,C,48.3382,48.5282,0.7250,0.2225,383.0000,0.0100
2022-06-15,SPY,2022-07-15,338.00,P,3.0605,3.2505,-0.2750,0.2225,383.0000,0.0100
2022-06-15,SPY,2022-07-15,340.00,C,46.4920,46.6780,0.7150,0.2215,383.0000,0.0100
2022-06-15,SPY,2022-07-15,340.00,P,3.2126,3.3986,-0.2850,0.2215,383.0000,0.0100
2022-06-15,SPY,2022-07-15,342.00,C,44.6468,44.8288,0.7050,0.2205,383.0000,0.0100
2022-06-15,SPY,2022-07-15,342.00,P,3.3659,3.5479,-0.2950,0.2205,383.0000,0.0100
2022-06-15,SPY,2022-07-15,344.00,C,42.8021,42.9801,0.6950,0.2195,383.0000,0.0100
2022-06-15,SPY,2022-07-15,344.00,P,3.5195,3.6975,-0.3050,0.2195,383.0000,0.0100
2022-06-15,SPY,2022-07-15,346.00,C,40.9569,41.1309,0.6850,0.2185,383.0000,0.0100
2022-06-15,SPY,2022-07-15,346.00,P,3.6727,3.8467,-0.3150,0.2185,383.0000,0.0100
2022-06-15,SPY,2022-07-15,348.00,C,39.1106,39.2806,0.6750,0.2175,383.0000,0.0100
2022-06-15,SPY,2022-07-15,348.00,P,3.8247,3.9947,-0.3250,0.2175,383.0000,0.0100
2022-06-15,SPY,2022-07-15,350.00,C,42.2623,42.4283,0.6650,0.2165,383.0000,0.0100
2022-06-15,SPY,2022-07-15,350.00,P,3.9747,4.1407,-0.3350,0.2165,383.0000,0.0100
2022-06-15,SPY,2022-07-15,352.00,C,35.4111,35.5731,0.6550,0.2155,383.0000,0.0100
2022-06-15,SPY,2022-07-15,352.00,P,4.1219,4.2839,-0.3450,0.2155,383.0000,0.0100
2022-06-15,SPY,2022-07-15,354.00,C,33.5563,33.7143,0.6450,0.2145,383.0000,0.0100
2022-06-15,SPY,2022-07-15,354.00,P,4.2654,4.4234,-0.3550,0.2145,383.0000,0.0100
2022-06-15,SPY,2022-07-15,356.00,C,31.6969,31.8509,0.6350,0.2135,383.0000,0.0100
2022-06-15,SPY,2022-07-15,356.00,P,4.4044,4.5584,-0.3650,0.2135,383.0000,0.0100
2022-06-15,SPY,2022-07-15,358.00,C,29.8320,29.9820,0.6250,0.2125,383.0000,0.0100
2022-06-15,SPY,2022-07-15,358.00,P,4.5379,4.6879,-0.3750,0.2125,383.0000,0.0100
2022-06-15,SPY,2022-07-15,360.00,C,27.9609,28.1069,0.6150,0.2115,383.0000,0.0100
2022-06-15,SPY,2022-07-15,360.00,P,4.6651,4.8111,-0.3850,0.2115,383.0000,0.0100
2022-06-15,SPY,2022-07-15,362.00,C,26.0827,26.2247,0.6050,0.2105,383.0000,0.0100
2022-06-15,SPY,2022-07-15,362.00,P,4.7853,4.9273,-0.3950,0.2105,383.0000,0.0100
2022-06-15,SPY,2022-07-15,364.00,C,24.1966,24.3346,0.5950,0.2095,383.0000,0.0100
2022-06-15,SPY,2022-07-15,364.00,P,4.8976,5.0356,-0.4050,0.2095,383.0000,0.0100
2022-06-15,SPY,2022-07-15,366.00,C,22.3019,22.4359,0.5850,0.2085,383.0000,0.0100
2022-06-15,SPY,2022-07-15,366.00,P,5.0012,5.1352,-0.4150,0.2085,383.0000,0.0100
2022-06-15,SPY,2022-07-15,368.00,C,20.3979,20.5279,0.5750,0.2075,383.0000,0.0100
2022-06-15,SPY,2022-07-15,368.00,P,5.0955,5.2255,-0.4250,0.2075,383.0000,0.0100
2022-06-15,SPY,2022-07-15,370.00,C,18.4838,18.6098,0.5650,0.2065,383.0000,0.0100
2022-06-15,SPY,2022-07-15,370.00,P,5.1798,5.3058,-0.4350,0.2065,383.0000,0.0100
2022-06-15,SPY,2022-07-15,372.00,C,16.5591,16.6811,0.5550,0.2055,383.0000,0.0100
2022-06-15,SPY,2022-07-15,372.00,P,5.2535,5.3755,-0.4450,0.2055,383.0000,0.0100
2022-06-15,SPY,2022-07-15,374.00,C,14.6233,14.7413,0.5450,0.2045,383.0000,0.0100
2022-06-15,SPY,2022-07-15,374.00,P,5.3160,5.4340,-0.4550,0.2045,383.0000,0.0100
2022-06-15,SPY,2022-07-15,376.00,C,12.6759,12.7899,0.5350,0.2035,383.0000,0.0100
2022-06-15,SPY,2022-07-15,376.00,P,5.3670,5.4810,-0.4650,0.2035,383.0000,0.0100
2022-06-15,SPY,2022-07-15,378.00,C,10.7166,10.8266,0.5250,0.2025,383.0000,0.0100
2022-06-15,SPY,2022-07-15,378.00,P,5.4061,5.5161,-0.4750,0.2025,383.0000,0.0100
2022-06-15,SPY,2022-07-15,380.00,C,8.7452,8.8512,0.5150,0.2015,383.0000,0.0100
2022-06-15,SPY,2022-07-15,380.00,P,5.4330,5.5390,-0.4850,0.2015,383.0000,0.0100
2022-06-15,SPY,2022-07-15,382.00,C,6.7613,6.8633,0.5050,0.2005,383.0000,0.0100
2022-06-15,SPY,2022-07-15,382.00,P,5.4474,5.5494,-0.4950,0.2005,383.0000,0.0100
2022-06-15,SPY,2022-07-15,384.00,C,5.4474,5.5494,0.4950,0.2005,383.0000,0.0100
2022-06-15,SPY,2022-07-15,384.00,P,6.1320,6.2340,-0.5050,0.2005,383.0000,0.0100
2022-06-15,SPY,2022-07-15,386.00,C,5.4330,5.5390,0.4850,0.2015,383.0000,0.0100
2022-06-15,SPY,2022-07-15,386.00,P,8.1158,8.2218,-0.5150,0.2015,383.0000,0.0100
2022-06-15,SPY,2022-07-15,388.00,C,5.4061,5.5161,0.4750,0.2025,383.0000,0.0100
2022-06-15,SPY,2022-07-15,388.00,P,10.0873,10.1973,-0.5250,0.2025,383.0000,0.0100
2022-06-15,SPY,2022-07-15,390.00,C,5.3670,5.4810,0.4650,0.2035,383.0000,0.0100
2022-06-15,SPY,2022-07-15,390.00,P,12.0466,12.1606,-0.5350,0.2035,383.0000,0.0100
2022-06-15,SPY,2022-07-15,392.00,C,5.3160,5.4340,0.4550,0.2045,383.0000,0.0100
2022-06-15,SPY,2022-07-15,392.00,P,13.9940,14.1120,-0.5450,0.2045,383.0000,0.0100
2022-06-15,SPY,2022-07-15,394.00,C,5.2535,5.3755,0.4450,0.2055,383.0000,0.0100
2022-06-15,SPY,2022-07-15,394.00,P,15.9298,16.0518,-0.5550,0.2055,383.0000,0.0100
2022-06-15,SPY,2022-07-15,396.00,C,5.1798,5.3058,0.4350,0.2065,383.0000,0.0100
2022-06-15,SPY,2022-07-15,396.00,P,17.8544,17.9804,-0.5650,0.2065,383.0000,0.0100
2022-06-15,SPY,2022-07-15,398.00,C,5.0955,5.2255,0.4250,0.2075,383.0000,0.0100
2022-06-15,SPY,2022-07-15,398.00,P,19.7685,19.8985,-0.5750,0.2075,383.0000,0.0100
2022-06-15,SPY,2022-07-15,400.00,C,5.0012,5.1352,0.4150,0.2085,383.0000,0.0100
2022-06-15,SPY,2022-07-15,400.00,P,21.6726,21.8066,-0.5850,0.2085,383.0000,0.0100
2022-06-15,SPY,2022-07-15,402.00,C,4.8976,5.0356,0.4050,0.2095,383.0000,0.0100
2022-06-15,SPY,2022-07-15,402.00,P,23.5673,23.7053,-0.5950,0.2095,383.0000,0.0100
2022-06-15,SPY,2022-07-15,404.00,C,4.7853,4.9273,0.3950,0.2105,383.0000,0.0100
2022-06-15,SPY,2022-07-15,404.00,P,25.4534,25.5954,-0.6050,0.2105,383.0000,0.0100
2022-06-15,SPY,2022-07-15,406.00,C,4.6651,4.8111,0.3850,0.2115,383.0000,0.0100
2022-06-15,SPY,2022-07-15,406.00,P,27.3316,27.4776,-0.6150,0.2115,383.0000,0.0100
2022-06-15,SPY,2022-07-15,408.00,C,4.5379,4.6879,0.3750,0.2125,383.0000,0.0100
2022-06-15,SPY,2022-07-15,408.00,P,29.2027,29.3527,-0.6250,0.2125,383.0000,0.0100
2022-06-15,SPY,2022-07-15,410.00,C,4.4044,4.5584,0.3650,0.2135,383.0000,0.0100
2022-06-15,SPY,2022-07-15,410.00,P,31.0675,31.2215,-0.6350,0.2135,383.0000,0.0100
2022-06-15,SPY,2022-07-15,412.00,C,4.2654,4.4234,0.3550,0.2145,383.0000,0.0100
2022-06-15,SPY,2022-07-15,412.00,P,32.9269,33.0849,-0.6450,0.2145,383.0000,0.0100
2022-06-15,SPY,2022-07-15,414.00,C,4.1219,4.2839,0.3450,0.2155,383.0000,0.0100
2022-06-15,SPY,2022-07-15,414.00,P,34.7818,34.9438,-0.6550,0.2155,383.0000,0.0100
2022-06-15,SPY,2022-07-15,416.00,C,3.9747,4.1407,0.3350,0.2165,383.0000,0.0100
2022-06-15,SPY,2022-07-15,416.00,P,36.6330,36.7990,-0.6650,0.2165,383.0000,0.0100
2022-06-15,SPY,2022-07-15,418.00,C,3.8247,3.9947,0.3250,0.2175,383.0000,0.0100
2022-06-15,SPY,2022-07-15,418.00,P,38.4813,38.6513,-0.6750,0.2175,383.0000,0.0100
2022-06-15,SPY,2022-07-15,420.00,C,3.6727,3.8467,0.3150,0.2185,383.0000,0.0100
2022-06-15,SPY,2022-07-15,420.00,P,40.3276,40.5016,-0.6850,0.2185,383.0000,0.0100
2022-06-15,SPY,2022-07-15,422.00,C,3.5195,3.6975,0.3050,0.2195,383.0000,0.0100
2022-06-15,SPY,2022-07-15,422.00,P,42.1727,42.3507,-0.6950,0.2195,383.0000,0.0100
2022-06-15,SPY,2022-07-15,424.00,C,3.3659,3.5479,0.2950,0.2205,383.0000,0.0100
2022-06-15,SPY,2022-07-15,424.00,P,44.0175,44.1995,-0.7050,0.2205,383.0000,0.0100
2022-06-15,SPY,2022-07-15,426.00,C,3.2126,3.3986,0.2850,0.2215,383.0000,0.0100
2022-06-15,SPY,2022-07-15,426.00,P,45.8626,46.0486,-0.7150,0.2215,383.0000,0.0100
2022-06-15,SPY,2022-07-15,428.00,C,3.0605,3.2505,0.2750,0.2225,383.0000,0.0100
2022-06-15,SPY,2022-07-15,428.00,P,47.7088,47.8988,-0.7250,0.2225,383.0000,0.0100
2022-06-15,SPY,2022-07-15,430.00,C,2.9101,3.1041,0.2650,0.2235,383.0000,0.0100
2022-06-15,SPY,2022-07-15,430.00,P,49.5568,49.7508,-0.7350,0.2235,383.0000,0.0100
2022-06-15,SPY,2022-07-15,432.00,C,2.7621,2.9601,0.2550,0.2245,383.0000,0.0100
2022-06-15,SPY,2022-07-15,432.00,P,51.4072,51.6052,-0.7450,0.2245,383.0000,0.0100
2022-06-15,SPY,2022-07-15,434.00,C,2.6170,2.8190,0.2450,0.2255,383.0000,0.0100
2022-06-15,SPY,2022-07-15,434.00,P,53.2605,53.4625,-0.7550,0.2255,383.0000,0.0100
2022-06-15,SPY,2022-07-15,436.00,C,2.4755,2.6815,0.2350,0.2265,383.0000,0.0100
2022-06-15,SPY,2022-07-15,436.00,P,55.1172,55.3232,-0.7650,0.2265,383.0000,0.0100
2022-06-15,SPY,2022-07-15,438.00,C,2.3378,2.5478,0.2250,0.2275,383.0000,0.0100
2022-06-15,SPY,2022-07-15,438.00,P,56.9779,57.1879,-0.7750,0.2275,383.0000,0.0100
2022-06-15,SPY,2022-07-15,440.00,C,2.2044,2.4184,0.2150,0.2285,383.0000,0.0100
2022-06-15,SPY,2022-07-15,440.00,P,58.8430,59.0570,-0.7850,0.2285,383.0000,0.0100
2022-06-15,SPY,2022-07-15,442.00,C,2.0758,2.2938,0.2050,0.2295,383.0000,0.0100
2022-06-15,SPY,2022-07-15,442.00,P,60.7126,60.9306,-0.7950,0.2295,383.0000,0.0100
2022-06-15,SPY,2022-07-15,444.00,C,1.9520,2.1740,0.1950,0.2305,383.0000,0.0100
2022-06-15,SPY,2022-07-15,444.00,P,62.5872,62.8092,-0.8050,0.2305,383.0000,0.0100
2022-06-15,SPY,2022-07-15,446.00,C,1.8335,2.0595,0.1850,0.2315,383.0000,0.0100
2022-06-15,SPY,2022-07-15,446.00,P,64.4670,64.6930,-0.8150,0.2315,383.0000,0.0100
2022-06-15,SPY,2022-07-15,448.00,C,1.7203,1.9503,0.1750,0.2325,383.0000,0.0100
2022-06-15,SPY,2022-07-15,448.00,P,66.3522,66.5822,-0.8250,0.2325,383.0000,0.0100
2022-06-15,SPY,2022-07-15,450.00,C,1.6125,1.8465,0.1650,0.2335,383.0000,0.0100
2022-06-15,SPY,2022-07-15,450.00,P,68.2428,68.4768,-0.8350,0.2335,383.0000,0.0100
2022-06-15,SPY,2022-07-15,452.00,C,1.5103,1.7483,0.1550,0.2345,383.0000,0.0100
2022-06-15,SPY,2022-07-15,452.00,P,70.1390,70.3770,-0.8450,0.2345,383.0000,0.0100
2022-06-15,SPY,2022-07-15,454.00,C,1.4137,1.6557,0.1450,0.2355,383.0000,0.0100
2022-06-15,SPY,2022-07-15,454.00,P,72.0407,72.2827,-0.8550,0.2355,383.0000,0.0100
2022-06-15,SPY,2022-07-15,456.00,C,1.3227,1.5687,0.1350,0.2365,383.0000,0.0100
2022-06-15,SPY,2022-07-15,456.00,P,73.9480,74.1940,-0.8650,0.2365,383.0000,0.0100
2022-06-15,SPY,2022-07-15,458.00,C,1.2371,1.4871,0.1250,0.2375,383.0000,0.0100
2022-06-15,SPY,2022-07-15,458.00,P,75.8608,76.1108,-0.8750,0.2375,383.0000,0.0100
2022-06-15,SPY,2022-07-15,460.00,C,1.1570,1.4110,0.1150,0.2385,383.0000,0.0100
2022-06-15,SPY,2022-07-15,460.00,P,77.7791,78.0331,-0.8850,0.2385,383.0000,0.0100
2022-06-15,SPY,2022-07-15,462.00,C,1.0821,1.3401,0.1050,0.2395,383.0000,0.0100
2022-06-15,SPY,2022-07-15,462.00,P,79.7026,79.9606,-0.8950,0.2395,383.0000,0.0100
2022-06-15,SPY,2022-07-15,464.00,C,1.0125,1.2745,0.0950,0.2405,383.0000,0.0100
2022-06-15,SPY,2022-07-15,464.00,P,81.6313,81.8933,-0.9050,0.2405,383.0000,0.0100
2022-06-15,SPY,2022-07-15,466.00,C,0.9478,1.2138,0.0850,0.2415,383.0000,0.0100
2022-06-15,SPY,2022-07-15,466.00,P,83.5649,83.8309,-0.9150,0.2415,383.0000,0.0100
2022-06-15,SPY,2022-07-15,468.00,C,0.8879,1.1579,0.0750,0.2425,383.0000,0.0100
2022-06-15,SPY,2022-07-15,468.00,P,85.5034,85.7734,-0.9250,0.2425,383.0000,0.0100
2022-06-15,SPY,2022-07-15,470.00,C,0.8326,1.1066,0.0650,0.2435,383.0000,0.0100
2022-06-15,SPY,2022-07-15,470.00,P,87.4465,87.7205,-0.9350,0.2435,383.0000,0.0100
2022-06-15,SPY,2022-07-15,472.00,C,0.7817,1.0597,0.0550,0.2445,383.0000,0.0100
2022-06-15,SPY,2022-07-15,472.00,P,89.3939,89.6719,-0.9450,0.2445,383.0000,0.0100
2022-06-15,SPY,2022-07-15,474.00,C,0.7349,1.0169,0.0450,0.2455,383.0000,0.0100
2022-06-15,SPY,2022-07-15,474.00,P,91.3455,91.6275,-0.9550,0.2455,383.0000,0.0100
2022-06-15,SPY,2022-07-15,476.00,C,0.6921,0.9781,0.0350,0.2465,383.0000,0.0100
2022-06-15,SPY,2022-07-15,476.00,P,93.3010,93.5870,-0.9650,0.2465,383.0000,0.0100
2022-06-15,SPY,2022-07-15,478.00,C,0.6529,0.9429,0.0250,0.2475,383.0000,0.0100
2022-06-15,SPY,2022-07-15,478.00,P,95.2602,95.5502,-0.9750,0.2475,383.0000,0.0100
2022-06-15,SPY,2022-07-15,480.00,C,0.6172,0.9112,0.0150,0.2485,383.0000,0.0100
2022-06-15,SPY,2022-07-15,480.00,P,97.2229,97.5169,-0.9850,0.2485,383.0000,0.0100
2022-06-15,SPY,2022-07-15,482.00,C,0.5848,0.8828,0.0050,0.2495,383.0000,0.0100
2022-06-15,SPY,2022-07-15,482.00,P,99.1888,99.4868,-0.9950,0.2495,383.0000,0.0100
2022-06-15,SPY,2022-07-15,484.00,C,0.5553,0.8573,0.0000,0.2505,383.0000,0.0100
2022-06-15,SPY,2022-07-15,484.00,P,101.1577,101.4597,-1.0000,0.2505,383.0000,0.0100
2022-06-15,SPY,2022-07-15,486.00,C,0.5286,0.8346,0.0000,0.2515,383.0000,0.0100
2022-06-15,SPY,2022-07-15,486.00,P,103.1293,103.4353,-1.0000,0.2515,383.0000,0.0100
2022-06-15,SPY,2022-07-15,488.00,C,0.5045,0.8145,0.0000,0.2525,383.0000,0.0100
2022-06-15,SPY,2022-07-15,488.00,P,105.1035,105.4135,-1.0000,0.2525,383.0000,0.0100
2022-06-15,SPY,2022-07-15,490.00,C,0.4827,0.7967,0.0000,0.2535,383.0000,0.0100
2022-06-15,SPY,2022-07-15,490.00,P,107.0801,107.3941,-1.0000,0.2535,383.0000,0.0100
2022-06-15,SPY,2022-07-15,492.00,C,0.4630,0.7810,0.0000,0.2545,383.0000,0.0100
2022-06-15,SPY,2022-07-15,492.00,P,109.0588,109.3768,-1.0000,0.2545,383.0000,0.0100
2022-06-15,SPY,2022-07-15,494.00,C,0.4454,0.7674,0.0000,0.2555,383.0000,0.0100
2022-06-15,SPY,2022-07-15,494.00,P,111.0395,111.3615,-1.0000,0.2555,383.0000,0.0100
2022-06-15,SPY,2022-07-15,496.00,C,0.4295,0.7555,0.0000,0.2565,383.0000,0.0100
2022-06-15,SPY,2022-07-15,496.00,P,113.0220,113.3480,-1.0000,0.2565,383.0000,0.0100
2022-06-15,SPY,2022-07-15,498.00,C,0.4152,0.7452,0.0000,0.2575,383.0000,0.0100
2022-06-15,SPY,2022-07-15,498.00,P,115.0060,115.3360,-1.0000,0.2575,383.0000,0.0100
2022-06-16,SPY,2022-07-15,300.00,C,85.6407,85.9097,0.9225,0.2423,384.5000,0.0100
2022-06-16,SPY,2022-07-15,300.00,P,0.9024,1.1714,-0.0775,0.2423,384.5000,0.0100
2022-06-16,SPY,2022-07-15,302.00,C,83.7033,83.9683,0.9125,0.2413,384.5000,0.0100
2022-06-16,SPY,2022-07-15,302.00,P,0.9635,1.2285,-0.0875,0.2413,384.5000,0.0100
2022-06-16,SPY,2022-07-15,304.00,C,81.7709,82.0319,0.9025,0.2403,384.5000,0.0100
2022-06-16,SPY,2022-07-15,304.00,P,1.0294,1.2904,-0.0975,0.2403,384.5000,0.0100
2022-06-16,SPY,2022-07-15,306.00,C,79.8434,80.1004,0.8925,0.2393,384.5000,0.0100
2022-06-16,SPY,2022-07-15,306.00,P,1.1004,1.3574,-0.1075,0.2393,384.5000,0.0100
2022-06-16,SPY,2022-07-15,308.00,C,77.9211,78.1741,0.8825,0.2383,384.5000,0.0100
2022-06-16,SPY,2022-07-15,308.00,P,1.1765,1.4295,-0.1175,0.2383,384.5000,0.0100
2022-06-16,SPY,2022-07-15,310.00,C,76.0042,76.2532,0.8725,0.2373,384.5000,0.0100
2022-06-16,SPY,2022-07-15,310.00,P,1.2580,1.5070,-0.1275,0.2373,384.5000,0.0100
2022-06-16,SPY,2022-07-15,312.00,C,74.0927,74.3377,0.8625,0.2363,384.5000,0.0100
2022-06-16,SPY,2022-07-15,312.00,P,1.3449,1.5899,-0.1375,0.2363,384.5000,0.0100
2022-06-16,SPY,2022-07-15,314.00,C,72.1867,72.4277,0.8525,0.2353,384.5000,0.0100
2022-06-16,SPY,2022-07-15,314.00,P,1.4373,1.6783,-0.1475,0.2353,384.5000,0.0100
2022-06-16,SPY,2022-07-15,316.00,C,70.2863,70.5233,0.8425,0.2343,384.5000,0.0100
2022-06-16,SPY,2022-07-15,316.00,P,1.5354,1.7724,-0.1575,0.2343,384.5000,0.0100
2022-06-16,SPY,2022-07-15,318.00,C,68.3915,68.6245,0.8325,0.2333,384.5000,0.0100
2022-06-16,SPY,2022-07-15,318.00,P,1.6389,1.8719,-0.1675,0.2333,384.5000,0.0100
2022-06-16,SPY,2022-07-15,320.00,C,66.5022,66.7312,0.8225,0.2323,384.5000,0.0100
2022-06-16,SPY,2022-07-15,320.00,P,1.7481,1.9771,-0.1775,0.2323,384.5000,0.0100
2022-06-16,SPY,2022-07-15,322.00,C,64.6183,64.8433,0.8125,0.2313,384.5000,0.0100
2022-06-16,SPY,2022-07-15,322.00,P,1.8626,2.0876,-0.1875,0.2313,384.5000,0.0100
2022-06-16,SPY,2022-07-15,324.00,C,62.7398,62.9608,0.8025,0.2303,384.5000,0.0100
2022-06-16,SPY,2022-07-15,324.00,P,1.9825,2.2035,-0.1975,0.2303,384.5000,0.0100
2022-06-16,SPY,2022-07-15,326.00,C,60.8664,61.0834,0.7925,0.2293,384.5000,0.0100
2022-06-16,SPY,2022-07-15,326.00,P,2.1075,2.3245,-0.2075,0.2293,384.5000,0.0100
2022-06-16,SPY,2022-07-15,328.00,C,58.9979,59.2109,0.7825,0.2283,384.5000,0.0100
2022-06-16,SPY,2022-07-15,328.00,P,2.2374,2.4504,-0.2175,0.2283,384.5000,0.0100
2022-06-16,SPY,2022-07-15,330.00,C,57.1339,57.3429,0.7725,0.2273,384.5000,0.0100
2022-06-16,SPY,2022-07-15,330.00,P,2.3718,2.5808,-0.2275,0.2273,384.5000,0.0100
2022-06-16,SPY,2022-07-15,332.00,C,55.2742,55.4792,0.7625,0.2263,384.5000,0.0100
2022-06-16,SPY,2022-07-15,332.00,P,2.5105,2.7155,-0.2375,0.2263,384.5000,0.0100
2022-06-16,SPY,2022-07-15,334.00,C,53.4183,53.6193,0.7525,0.2253,384.5000,0.0100
2022-06-16,SPY,2022-07-15,334.00,P,2.6530,2.8540,-0.2475,0.2253,384.5000,0.0100
2022-06-16,SPY,2022-07-15,336.00,C,51.5657,51.7627,0.7425,0.2243,384.5000,0.0100
2022-06-16,SPY,2022-07-15,336.00,P,2.7988,2.9958,-0.2575,0.2243,384.5000,0.0100
2022-06-16,SPY,2022-07-15,338.00,C,49.7159,49.9089,0.7325,0.2233,384.5000,0.0100
2022-06-16,SPY,2022-07-15,338.00,P,2.9475,3.1405,-0.2675,0.2233,384.5000,0.0100
2022-06-16,SPY,2022-07-15,340.00,C,47.8684,48.0574,0.7225,0.2223,384.5000,0.0100
2022-06-16,SPY,2022-07-15,340.00,P,3.0984,3.2874,-0.2775,0.2223,384.5000,0.0100
2022-06-16,SPY,2022-07-15,342.00,C,46.0225,46.2075,0.7125,0.2213,384.5000,0.0100
2022-06-16,SPY,2022-07-15,342.00,P,3.2509,3.4359,-0.2875,0.2213,384.5000,0.0100
2022-06-16,SPY,2022-07-15,344.00,C,44.1775,44.3585,0.7025,0.2203,384.5000,0.0100
2022-06-16,SPY,2022-07-15,344.00,P,3.4042,3.5852,-0.2975,0.2203,384.5000,0.0100
2022-06-16,SPY,2022-07-15,346.00,C,42.3326,42.5096,0.6925,0.2193,384.5000,0.0100
2022-06-16,SPY,2022-07-15,346.00,P,3.5578,3.7348,-0.3075,0.2193,384.5000,0.0100
2022-06-16,SPY,2022-07-15,348.00,C,40.4872,40.6602,0.6825,0.2182,384.5000,0.0100
2022-06-16,SPY,2022-07-15,348.00,P,3.7108,3.8838,-0.3175,0.2182,384.5000,0.0100
2022-06-16,SPY,2022-07-15,350.00,C,38.6404,38.8094,0.6725,0.2172,384.5000,0.0100
2022-06-16,SPY,2022-07-15,350.00,P,3.8624,4.0314,-0.3275,0.2172,384.5000,0.0100
2022-06-16,SPY,2022-07-15,352.00,C,36.7914,36.9564,0.6625,0.2162,384.5000,0.0100
2022-06-16,SPY,2022-07-15,352.00,P,4.0118,4.1768,-0.3375,0.2162,384.5000,0.0100
2022-06-16,SPY,2022-07-15,354.00,C,34.9393,35.1003,0.6525,0.2152,384.5000,0.0100
2022-06-16,SPY,2022-07-15,354.00,P,4.1582,4.3192,-0.3475,0.2152,384.5000,0.0100
2022-06-16,SPY,2022-07-15,356.00,C,33.0834,33.2404,0.6425,0.2143,384.5000,0.0100
2022-06-16,SPY,2022-07-15,356.00,P,4.3006,4.4576,-0.3575,0.2143,384.5000,0.0100
2022-06-16,SPY,2022-07-15,358.00,C,31.2226,31.3756,0.6325,0.2133,384.5000,0.0100
2022-06-16,SPY,2022-07-15,358.00,P,4.4383,4.5913,-0.3675,0.2133,384.5000,0.0100
2022-06-16,SPY,2022-07-15,360.00,C,29.3562,29.5052,0.6225,0.2123,384.5000,0.0100
2022-06-16,SPY,2022-07-15,360.00,P,4.5703,4.7193,-0.3775,0.2123,384.5000,0.0100
2022-06-16,SPY,2022-07-15,362.00,C,27.4834,27.6284,0.6125,0.2113,384.5000,0.0100
2022-06-16,SPY,2022-07-15,362.00,P,4.6959,4.8409,-0.3875,0.2113,384.5000,0.0100
2022-06-16,SPY,2022-07-15,364.00,C,25.6032,25.7442,0.6025,0.2103,384.5000,0.0100
2022-06-16,SPY,2022-07-15,364.00,P,4.8141,4.9551,-0.3975,0.2103,384.5000,0.0100
2022-06-16,SPY,2022-07-15,366.00,C,23.7150,23.8520,0.5925,0.2093,384.5000,0.0100
2022-06-16,SPY,2022-07-15,366.00,P,4.9243,5.0613,-0.4075,0.2093,384.5000,0.0100
2022-06-16,SPY,2022-07-15,368.00,C,21.8180,21.9510,0.5825,0.2083,384.5000,0.0100
2022-06-16,SPY,2022-07-15,368.00,P,5.0257,5.1587,-0.4175,0.2083,384.5000,0.0100
2022-06-16,SPY,2022-07-15,370.00,C,19.9114,20.0404,0.5725,0.2073,384.5000,0.0100
2022-06-16,SPY,2022-07-15,370.00,P,5.1175,5.2465,-0.4275,0.2073,384.5000,0.0100
2022-06-16,SPY,2022-07-15,372.00,C,17.9947,18.1197,0.5625,0.2063,384.5000,0.0100
2022-06-16,SPY,2022-07-15,372.00,P,5.1992,5.3242,-0.4375,0.2063,384.5000,0.0100
2022-06-16,SPY,2022-07-15,374.00,C,16.0672,16.1882,0.5525,0.2053,384.5000,0.0100
2022-06-16,SPY,2022-07-15,374.00,P,5.2702,5.3912,-0.4475,0.2053,384.5000,0.0100
2022-06-16,SPY,2022-07-15,376.00,C,14.1285,14.2455,0.5425,0.2043,384.5000,0.0100
2022-06-16,SPY,2022-07-15,376.00,P,5.3299,5.4469,-0.4575,0.2043,384.5000,0.0100
2022-06-16,SPY,2022-07-15,378.00,C,12.1781,12.2911,0.5325,0.2033,384.5000,0.0100
2022-06-16,SPY,2022-07-15,378.00,P,5.3779,5.4909,-0.4675,0.2033,384.5000,0.0100
2022-06-16,SPY,2022-07-15,380.00,C,10.2158,10.3248,0.5225,0.2023,384.5000,0.0100
2022-06-16,SPY,2022-07-15,380.00,P,5.4140,5.5230,-0.4775,0.2023,384.5000,0.0100
2022-06-16,SPY,2022-07-15,382.00,C,8.2411,8.3461,0.5125,0.2013,384.5000,0.0100
2022-06-16,SPY,2022-07-15,382.00,P,5.4377,5.5427,-0.4875,0.2013,384.5000,0.0100
2022-06-16,SPY,2022-07-15,384.00,C,6.2541,6.3551,0.5025,0.2003,384.5000,0.0100
2022-06-16,SPY,2022-07-15,384.00,P,5.4491,5.5501,-0.4975,0.2003,384.5000,0.0100
2022-06-16,SPY,2022-07-15,386.00,C,5.4450,5.5480,0.4925,0.2008,384.5000,0.0100
2022-06-16,SPY,2022-07-15,386.00,P,6.6384,6.7414,-0.5075,0.2008,384.5000,0.0100
2022-06-16,SPY,2022-07-15,388.00,C,5.4274,5.5344,0.4825,0.2018,384.5000,0.0100
2022-06-16,SPY,2022-07-15,388.00,P,8.6192,8.7262,-0.5175,0.2018,384.5000,0.0100
2022-06-16,SPY,2022-07-15,390.00,C,5.3975,5.5085,0.4725,0.2028,384.5000,0.0100
2022-06-16,SPY,2022-07-15,390.00,P,10.5877,10.6987,-0.5275,0.2028,384.5000,0.0100
2022-06-16,SPY,2022-07-15,392.00,C,5.3554,5.4704,0.4625,0.2038,384.5000,0.0100
2022-06-16,SPY,2022-07-15,392.00,P,12.5440,12.6590,-0.5375,0.2038,384.5000,0.0100
2022-06-16,SPY,2022-07-15,394.00,C,5.3015,5.4205,0.4525,0.2048,384.5000,0.0100
2022-06-16,SPY,2022-07-15,394.00,P,14.4885,14.6075,-0.5475,0.2048,384.5000,0.0100
2022-06-16,SPY,2022-07-15,396.00,C,5.2361,5.3591,0.4425,0.2058,384.5000,0.0100
2022-06-16,SPY,2022-07-15,396.00,P,16.4216,16.5446,-0.5575,0.2058,384.5000,0.0100
2022-06-16,SPY,2022-07-15,398.00,C,5.1597,5.2867,0.4325,0.2068,384.5000,0.0100
2022-06-16,SPY,2022-07-15,398.00,P,18.3436,18.4706,-0.5675,0.2068,384.5000,0.0100
2022-06-16,SPY,2022-07-15,400.00,C,5.0729,5.2039,0.4225,0.2078,384.5000,0.0100
2022-06-16,SPY,2022-07-15,400.00,P,20.2552,20.3862,-0.5775,0.2078,384.5000,0.0100
2022-06-16,SPY,2022-07-15,402.00,C,4.9762,5.1112,0.4125,0.2088,384.5000,0.0100
2022-06-16,SPY,2022-07-15,402.00,P,22.1569,22.2919,-0.5875,0.2088,384.5000,0.0100
2022-06-16,SPY,2022-07-15,404.00,C,4.8703,5.0093,0.4025,0.2098,384.5000,0.0100
2022-06-16,SPY,2022-07-15,404.00,P,24.0494,24.1884,-0.5975,0.2098,384.5000,0.0100
2022-06-16,SPY,2022-07-15,406.00,C,4.7560,4.8990,0.3925,0.2108,384.5000,0.0100
2022-06-16,SPY,2022-07-15,406.00,P,25.9335,26.0765,-0.6075,0.2108,384.5000,0.0100
2022-06-16,SPY,2022-07-15,408.00,C,4.6340,4.7810,0.3825,0.2118,384.5000,0.0100
2022-06-16,SPY,2022-07-15,408.00,P,27.8099,27.9569,-0.6175,0.2118,384.5000,0.0100
2022-06-16,SPY,2022-07-15,410.00,C,4.5051,4.6561,0.3725,0.2128,384.5000,0.0100
2022-06-16,SPY,2022-07-15,410.00,P,29.6794,29.8304,-0.6275,0.2128,384.5000,0.0100
2022-06-16,SPY,2022-07-15,412.00,C,4.3701,4.5251,0.3625,0.2138,384.5000,0.0100
2022-06-16,SPY,2022-07-15,412.00,P,31.5429,31.6979,-0.6375,0.2138,384.5000,0.0100
2022-06-16,SPY,2022-07-15,414.00,C,4.2299,4.3889,0.3525,0.2148,384.5000,0.0100
2022-06-16,SPY,2022-07-15,414.00,P,33.4011,33.5601,-0.6475,0.2148,384.5000,0.0100
2022-06-16,SPY,2022-07-15,416.00,C,4.0854,4.2484,0.3425,0.2157,384.5000,0.0100
2022-06-16,SPY,2022-07-15,416.00,P,35.2551,35.4181,-0.6575,0.2157,384.5000,0.0100
2022-06-16,SPY,2022-07-15,418.00,C,3.9375,4.1045,0.3325,0.2167,384.5000,0.0100
2022-06-16,SPY,2022-07-15,418.00,P,37.1055,37.2725,-0.6675,0.2167,384.5000,0.0100
2022-06-16,SPY,2022-07-15,420.00,C,3.7868,3.9578,0.3225,0.2177,384.5000,0.0100
2022-06-16,SPY,2022-07-15,420.00,P,38.9533,39.1243,-0.6775,0.2177,384.5000,0.0100
2022-06-16,SPY,2022-07-15,422.00,C,3.6344,3.8094,0.3125,0.2188,384.5000,0.0100
2022-06-16,SPY,2022-07-15,422.00,P,40.7993,40.9743,-0.6875,0.2188,384.5000,0.0100
2022-06-16,SPY,2022-07-15,424.00,C,3.4811,3.6601,0.3025,0.2198,384.5000,0.0100
2022-06-16,SPY,2022-07-15,424.00,P,42.6443,42.8233,-0.6975,0.2198,384.5000,0.0100
2022-06-16,SPY,2022-07-15,426.00,C,3.3275,3.5105,0.2925,0.2208,384.5000,0.0100
2022-06-16,SPY,2022-07-15,426.00,P,44.4892,44.6722,-0.7075,0.2208,384.5000,0.0100
2022-06-16,SPY,2022-07-15,428.00,C,3.1745,3.3615,0.2825,0.2218,384.5000,0.0100
2022-06-16,SPY,2022-07-15,428.00,P,46.3345,46.5215,-0.7175,0.2218,384.5000,0.0100
2022-06-16,SPY,2022-07-15,430.00,C,3.0227,3.2137,0.2725,0.2228,384.5000,0.0100
2022-06-16,SPY,2022-07-15,430.00,P,48.1812,48.3722,-0.7275,0.2228,384.5000,0.0100
2022-06-16,SPY,2022-07-15,432.00,C,2.8728,3.0678,0.2625,0.2238,384.5000,0.0100
2022-06-16,SPY,2022-07-15,432.00,P,50.0298,50.2248,-0.7375,0.2238,384.5000,0.0100
2022-06-16,SPY,2022-07-15,434.00,C,2.7255,2.9245,0.2525,0.2248,384.5000,0.0100
2022-06-16,SPY,2022-07-15,434.00,P,51.8808,52.0798,-0.7475,0.2248,384.5000,0.0100
2022-06-16,SPY,2022-07-15,436.00,C,2.5813,2.7843,0.2425,0.2258,384.5000,0.0100
2022-06-16,SPY,2022-07-15,436.00,P,53.7350,53.9380,-0.7575,0.2258,384.5000,0.0100
2022-06-16,SPY,2022-07-15,438.00,C,2.4407,2.6477,0.2325,0.2268,384.5000,0.0100
2022-06-16,SPY,2022-07-15,438.00,P,55.5928,55.7998,-0.7675,0.2268,384.5000,0.0100
2022-06-16,SPY,2022-07-15,440.00,C,2.3040,2.5150,0.2225,0.2278,384.5000,0.0100
2022-06-16,SPY,2022-07-15,440.00,P,57.4546,57.6656,-0.7775,0.2278,384.5000,0.0100
2022-06-16,SPY,2022-07-15,442.00,C,2.1718,2.3868,0.2125,0.2288,384.5000,0.0100
2022-06-16,SPY,2022-07-15,442.00,P,59.3208,59.5358,-0.7875,0.2288,384.5000,0.0100
2022-06-16,SPY,2022-07-15,444.00,C,2.0444,2.2634,0.2025,0.2298,384.5000,0.0100
2022-06-16,SPY,2022-07-15,444.00,P,61.1917,61.4107,-0.7975,0.2298,384.5000,0.0100
2022-06-16,SPY,2022-07-15,446.00,C,1.9219,2.1449,0.1925,0.2308,384.5000,0.0100
2022-06-16,SPY,2022-07-15,446.00,P,63.0677,63.2907,-0.8075,0.2308,384.5000,0.0100
2022-06-16,SPY,2022-07-15,448.00,C,1.8047,2.0317,0.1825,0.2318,384.5000,0.0100
2022-06-16,SPY,2022-07-15,448.00,P,64.9489,65.1759,-0.8175,0.2318,384.5000,0.0100
2022-06-16,SPY,2022-07-15,450.00,C,1.6928,1.9238,0.1725,0.2328,384.5000,0.0100
2022-06-16,SPY,2022-07-15,450.00,P,66.8354,67.0664,-0.8275,0.2328,384.5000,0.0100
2022-06-16,SPY,2022-07-15,452.00,C,1.5865,1.8215,0.1625,0.2338,384.5000,0.0100
2022-06-16,SPY,2022-07-15,452.00,P,68.7275,68.9625,-0.8375,0.2338,384.5000,0.0100
2022-06-16,SPY,2022-07-15,454.00,C,1.4857,1.7247,0.1525,0.2348,384.5000,0.0100
2022-06-16,SPY,2022-07-15,454.00,P,70.6251,70.8641,-0.8475,0.2348,384.5000,0.0100
2022-06-16,SPY,2022-07-15,456.00,C,1.3904,1.6334,0.1425,0.2358,384.5000,0.0100
2022-06-16,SPY,2022-07-15,456.00,P,72.5283,72.7713,-0.8575,0.2358,384.5000,0.0100
2022-06-16,SPY,2022-07-15,458.00,C,1.3008,1.5478,0.1325,0.2368,384.5000,0.0100
2022-06-16,SPY,2022-07-15,458.00,P,74.4370,74.6840,-0.8675,0.2368,384.5000,0.0100
2022-06-16,SPY,2022-07-15,460.00,C,1.2166,1.4676,0.1225,0.2378,384.5000,0.0100
2022-06-16,SPY,2022-07-15,460.00,P,76.3512,76.6022,-0.8775,0.2378,384.5000,0.0100
2022-06-16,SPY,2022-07-15,462.00,C,1.1378,1.3928,0.1125,0.2388,384.5000,0.0100
2022-06-16,SPY,2022-07-15,462.00,P,78.2709,78.5259,-0.8875,0.2388,384.5000,0.0100
2022-06-16,SPY,2022-07-15,464.00,C,1.0643,1.3233,0.1025,0.2398,384.5000,0.0100
2022-06-16,SPY,2022-07-15,464.00,P,80.1957,80.4547,-0.8975,0.2398,384.5000,0.0100
2022-06-16,SPY,2022-07-15,466.00,C,0.9958,1.2588,0.0925,0.2408,384.5000,0.0100
2022-06-16,SPY,2022-07-15,466.00,P,82.1257,82.3887,-0.9075,0.2408,384.5000,0.0100
2022-06-16,SPY,2022-07-15,468.00,C,0.9324,1.1994,0.0825,0.2418,384.5000,0.0100
2022-06-16,SPY,2022-07-15,468.00,P,84.0607,84.3277,-0.9175,0.2418,384.5000,0.0100
2022-06-16,SPY,2022-07-15,470.00,C,0.8736,1.1446,0.0725,0.2428,384.5000,0.0100
2022-06-16,SPY,2022-07-15,470.00,P,86.0004,86.2714,-0.9275,0.2428,384.5000,0.0100
2022-06-16,SPY,2022-07-15,472.00,C,0.8195,1.0945,0.0625,0.2438,384.5000,0.0100
2022-06-16,SPY,2022-07-15,472.00,P,87.9446,88.2196,-0.9375,0.2438,384.5000,0.0100
2022-06-16,SPY,2022-07-15,474.00,C,0.7696,1.0486,0.0525,0.2448,384.5000,0.0100
2022-06-16,SPY,2022-07-15,474.00,P,89.8932,90.1722,-0.9475,0.2448,384.5000,0.0100
2022-06-16,SPY,2022-07-15,476.00,C,0.7239,1.0069,0.0425,0.2458,384.5000,0.0100
2022-06-16,SPY,2022-07-15,476.00,P,91.8458,92.1288,-0.9575,0.2458,384.5000,0.0100
2022-06-16,SPY,2022-07-15,478.00,C,0.6820,0.9690,0.0325,0.2468,384.5000,0.0100
2022-06-16,SPY,2022-07-15,478.00,P,93.8023,94.0893,-0.9675,0.2468,384.5000,0.0100
2022-06-16,SPY,2022-07-15,480.00,C,0.6437,0.9347,0.0225,0.2478,384.5000,0.0100
2022-06-16,SPY,2022-07-15,480.00,P,95.7625,96.0535,-0.9775,0.2478,384.5000,0.0100
2022-06-16,SPY,2022-07-15,482.00,C,0.6088,0.9038,0.0125,0.2488,384.5000,0.0100
2022-06-16,SPY,2022-07-15,482.00,P,97.7260,98.0210,-0.9875,0.2488,384.5000,0.0100
2022-06-16,SPY,2022-07-15,484.00,C,0.5771,0.8761,0.0025,0.2498,384.5000,0.0100
2022-06-16,SPY,2022-07-15,484.00,P,99.6927,99.9917,-0.9975,0.2498,384.5000,0.0100
2022-06-16,SPY,2022-07-15,486.00,C,0.5484,0.8514,0.0000,0.2508,384.5000,0.0100
2022-06-16,SPY,2022-07-15,486.00,P,101.6624,101.9654,-1.0000,0.2508,384.5000,0.0100
2022-06-16,SPY,2022-07-15,488.00,C,0.5223,0.8293,0.0000,0.2518,384.5000,0.0100
2022-06-16,SPY,2022-07-15,488.00,P,103.6348,103.9418,-1.0000,0.2518,384.5000,0.0100
2022-06-16,SPY,2022-07-15,490.00,C,0.4988,0.8098,0.0000,0.2528,384.5000,0.0100
2022-06-16,SPY,2022-07-15,490.00,P,105.6097,105.9207,-1.0000,0.2528,384.5000,0.0100
2022-06-16,SPY,2022-07-15,492.00,C,0.4776,0.7926,0.0000,0.2538,384.5000,0.0100
2022-06-16,SPY,2022-07-15,492.00,P,107.5868,107.9018,-1.0000,0.2538,384.5000,0.0100
2022-06-16,SPY,2022-07-15,494.00,C,0.4584,0.7774,0.0000,0.2548,384.5000,0.0100
2022-06-16,SPY,2022-07-15,494.00,P,109.5661,109.8851,-1.0000,0.2548,384.5000,0.0100
2022-06-16,SPY,2022-07-15,496.00,C,0.4412,0.7642,0.0000,0.2558,384.5000,0.0100
2022-06-16,SPY,2022-07-15,496.00,P,111.5473,111.8703,-1.0000,0.2558,384.5000,0.0100
2022-06-16,SPY,2022-07-15,498.00,C,0.4258,0.7528,0.0000,0.2568,384.5000,0.0100
2022-06-16,SPY,2022-07-15,498.00,P,113.5302,113.8572,-1.0000,0.2568,384.5000,0.0100
2022-06-17,SPY,2022-07-15,300.00,C,87.0897,87.3617,0.9300,0.2430,386.0000,0.0100
2022-06-17,SPY,2022-07-15,300.00,P,0.8597,1.1317,-0.0700,0.2430,386.0000,0.0100
2022-06-17,SPY,2022-07-15,302.00,C,85.1488,85.4168,0.9200,0.2420,386.0000,0.0100
2022-06-17,SPY,2022-07-15,302.00,P,0.9173,1.1853,-0.0800,0.2420,386.0000,0.0100
2022-06-17,SPY,2022-07-15,304.00,C,83.2126,83.4766,0.9100,0.2410,386.0000,0.0100
2022-06-17,SPY,2022-07-15,304.00,P,0.9795,1.2435,-0.0900,0.2410,386.0000,0.0100
2022-06-17,SPY,2022-07-15,306.00,C,81.2813,81.5413,0.9000,0.2400,386.0000,0.0100
2022-06-17,SPY,2022-07-15,306.00,P,1.0467,1.3067,-0.1000,0.2400,386.0000,0.0100
2022-06-17,SPY,2022-07-15,308.00,C,79.3551,79.6111,0.8900,0.2390,386.0000,0.0100
2022-06-17,SPY,2022-07-15,308.00,P,1.1189,1.3749,-0.1100,0.2390,386.0000,0.0100
2022-06-17,SPY,2022-07-15,310.00,C,77.4341,77.6861,0.8800,0.2380,386.0000,0.0100
2022-06-17,SPY,2022-07-15,310.00,P,1.1964,1.4484,-0.1200,0.2380,386.0000,0.0100
2022-06-17,SPY,2022-07-15,312.00,C,75.5184,75.7664,0.8700,0.2370,386.0000,0.0100
2022-06-17,SPY,2022-07-15,312.00,P,1.2792,1.5272,-0.1300,0.2370,386.0000,0.0100
2022-06-17,SPY,2022-07-15,314.00,C,73.6083,73.8523,0.8600,0.2360,386.0000,0.0100
2022-06-17,SPY,2022-07-15,314.00,P,1.3675,1.6115,-0.1400,0.2360,386.0000,0.0100
2022-06-17,SPY,2022-07-15,316.00,C,71.7036,71.9436,0.8500,0.2350,386.0000,0.0100
2022-06-17,SPY,2022-07-15,316.00,P,1.4613,1.7013,-0.1500,0.2350,386.0000,0.0100
2022-06-17,SPY,2022-07-15,318.00,C,69.8046,70.0406,0.8400,0.2340,386.0000,0.0100
2022-06-17,SPY,2022-07-15,318.00,P,1.5607,1.7967,-0.1600,0.2340,386.0000,0.0100
2022-06-17,SPY,2022-07-15,320.00,C,67.9111,68.1431,0.8300,0.2330,386.0000,0.0100
2022-06-17,SPY,2022-07-15,320.00,P,1.6657,1.8977,-0.1700,0.2330,386.0000,0.0100
2022-06-17,SPY,2022-07-15,322.00,C,66.0231,66.2511,0.8200,0.2320,386.0000,0.0100
2022-06-17,SPY,2022-07-15,322.00,P,1.7762,2.0042,-0.1800,0.2320,386.0000,0.0100
2022-06-17,SPY,2022-07-15,324.00,C,64.1405,64.3645,0.8100,0.2310,386.0000,0.0100
2022-06-17,SPY,2022-07-15,324.00,P,1.8921,2.1161,-0.1900,0.2310,386.0000,0.0100
2022-06-17,SPY,2022-07-15,326.00,C,62.2632,62.4832,0.8000,0.2300,386.0000,0.0100
2022-06-17,SPY,2022-07-15,326.00,P,2.0133,2.2333,-0.2000,0.2300,386.0000,0.0100
2022-06-17,SPY,2022-07-15,328.00,C,60.3910,60.6070,0.7900,0.2290,386.0000,0.0100
2022-06-17,SPY,2022-07-15,328.00,P,2.1395,2.3555,-0.2100,0.2290,386.0000,0.0100
2022-06-17,SPY,2022-07-15,330.00,C,58.5236,58.7356,0.7800,0.2280,386.0000,0.0100
2022-06-17,SPY,2022-07-15,330.00,P,2.2706,2.4826,-0.2200,0.2280,386.0000,0.0100
2022-06-17,SPY,2022-07-15,332.00,C,56.6607,56.8687,0.7700,0.2270,386.0000,0.0100
2022-06-17,SPY,2022-07-15,332.00,P,2.4061,2.6141,-0.2300,0.2270,386.0000,0.0100
2022-06-17,SPY,2022-07-15,334.00,C,54.8019,55.0059,0.7600,0.2260,386.0000,0.0100
2022-06-17,SPY,2022-07-15,334.00,P,2.5458,2.7498,-0.2400,0.2260,386.0000,0.0100
2022-06-17,SPY,2022-07-15,336.00,C,52.9468,53.1468,0.7500,0.2250,386.0000,0.0100
2022-06-17,SPY,2022-07-15,336.00,P,2.6892,2.8892,-0.2500,0.2250,386.0000,0.0100
2022-06-17,SPY,2022-07-15,338.00,C,51.0949,51.2909,0.7400,0.2240,386.0000,0.0100
2022-06-17,SPY,2022-07-15,338.00,P,2.8358,3.0318,-0.2600,0.2240,386.0000,0.0100
2022-06-17,SPY,2022-07-15,340.00,C,49.2458,49.4378,0.7300,0.2230,386.0000,0.0100
2022-06-17,SPY,2022-07-15,340.00,P,2.9850,3.1770,-0.2700,0.2230,386.0000,0.0100
2022-06-17,SPY,2022-07-15,342.00,C,47.3986,47.5866,0.7200,0.2220,386.0000,0.0100
2022-06-17,SPY,2022-07-15,342.00,P,3.1364,3.3244,-0.2800,0.2220,386.0000,0.0100
2022-06-17,SPY,2022-07-15,344.00,C,45.5529,45.7369,0.7100,0.2210,386.0000,0.0100
2022-06-17,SPY,2022-07-15,344.00,P,3.2891,3.4731,-0.2900,0.2210,386.0000,0.0100
2022-06-17,SPY,2022-07-15,346.00,C,43.7080,43.8880,0.7000,0.2200,386.0000,0.0100
2022-06-17,SPY,2022-07-15,346.00,P,3.4427,3.6227,-0.3000,0.2200,386.0000,0.0100
2022-06-17,SPY,2022-07-15,348.00,C,41.8630,42.0390,0.6900,0.2190,386.0000,0.0100
2022-06-17,SPY,2022-07-15,348.00,P,3.5962,3.7722,-0.3100,0.2190,386.0000,0.0100
2022-06-17,SPY,2022-07-15,350.00,C,40.0173,40.1893,0.6800,0.2180,386.0000,0.0100
2022-06-17,SPY,2022-07-15,350.00,P,3.7489,3.9209,-0.3200,0.2180,386.0000,0.0100
2022-06-17,SPY,2022-07-15,352.00,C,38.1699,38.3379,0.6700,0.2170,386.0000,0.0100
2022-06-17,SPY,2022-07-15,352.00,P,3.9000,4.0680,-0.3300,0.2170,386.0000,0.0100
2022-06-17,SPY,2022-07-15,354.00,C,36.3202,36.4842,0.6600,0.2160,386.0000,0.0100
2022-06-17,SPY,2022-07-15,354.00,P,4.0487,4.2127,-0.3400,0.2160,386.0000,0.0100
2022-06-17,SPY,2022-07-15,356.00,C,34.4672,34.6272,0.6500,0.2150,386.0000,0.0100
2022-06-17,SPY,2022-07-15,356.00,P,4.1942,4.3542,-0.3500,0.2150,386.0000,0.0100
2022-06-17,SPY,2022-07-15,358.00,C,32.6100,32.7660,0.6400,0.2140,386.0000,0.0100
2022-06-17,SPY,2022-07-15,358.00,P,4.3355,4.4915,-0.3600,0.2140,386.0000,0.0100
2022-06-17,SPY,2022-07-15,360.00,C,30.7479,30.8999,0.6300,0.2130,386.0000,0.0100
2022-06-17,SPY,2022-07-15,360.00,P,4.4719,4.6239,-0.3700,0.2130,386.0000,0.0100
2022-06-17,SPY,2022-07-15,362.00,C,28.8799,29.0279,0.6200,0.2120,386.0000,0.0100
2022-06-17,SPY,2022-07-15,362.00,P,4.6024,4.7504,-0.3800,0.2120,386.0000,0.0100
2022-06-17,SPY,2022-07-15,364.00,C,27.0053,27.1493,0.6100,0.2110,386.0000,0.0100
2022-06-17,SPY,2022-07-15,364.00,P,4.7262,4.8702,-0.3900,0.2110,386.0000,0.0100
2022-06-17,SPY,2022-07-15,366.00,C,25.1231,25.2631,0.6000,0.2100,386.0000,0.0100
2022-06-17,SPY,2022-07-15,366.00,P,4.8425,4.9825,-0.4000,0.2100,386.0000,0.0100
2022-06-17,SPY,2022-07-15,368.00,C,23.2327,23.3687,0.5900,0.2090,386.0000,0.0100
2022-06-17,SPY,2022-07-15,368.00,P,4.9505,5.0865,-0.4100,0.2090,386.0000,0.0100
2022-06-17,SPY,2022-07-15,370.00,C,21.3333,21.4653,0.5800,0.2080,386.0000,0.0100
2022-06-17,SPY,2022-07-15,370.00,P,5.0496,5.1816,-0.4200,0.2080,386.0000,0.0100
2022-06-17,SPY,2022-07-15,372.00,C,19.4242,19.5522,0.5700,0.2070,386.0000,0.0100
2022-06-17,SPY,2022-07-15,372.00,P,5.1389,5.2669,-0.4300,0.2070,386.0000,0.0100
2022-06-17,SPY,2022-07-15,374.00,C,17.5048,17.6288,0.5600,0.2060,386.0000,0.0100
2022-06-17,SPY,2022-07-15,374.00,P,5.2180,5.3420,-0.4400,0.2060,386.0000,0.0100
2022-06-17,SPY,2022-07-15,376.00,C,15.5745,15.6945,0.5500,0.2050,386.0000,0.0100
2022-06-17,SPY,2022-07-15,376.00,P,5.2862,5.4062,-0.4500,0.2050,386.0000,0.0100
2022-06-17,SPY,2022-07-15,378.00,C,13.6329,13.7489,0.5400,0.2040,386.0000,0.0100
2022-06-17,SPY,2022-07-15,378.00,P,5.3430,5.4590,-0.4600,0.2040,386.0000,0.0100
2022-06-17,SPY,2022-07-15,380.00,C,11.6795,11.7915,0.5300,0.2030,386.0000,0.0100
2022-06-17,SPY,2022-07-15,380.00,P,5.3881,5.5001,-0.4700,0.2030,386.0000,0.0100
2022-06-17,SPY,2022-07-15,382.00,C,9.7140,9.8220,0.5200,0.2020,386.0000,0.0100
2022-06-17,SPY,2022-07-15,382.00,P,5.4211,5.5291,-0.4800,0.2020,386.0000,0.0100
2022-06-17,SPY,2022-07-15,384.00,C,7.7362,7.8402,0.5100,0.2010,386.0000,0.0100
2022-06-17,SPY,2022-07-15,384.00,P,5.4418,5.5458,-0.4900,0.2010,386.0000,0.0100
2022-06-17,SPY,2022-07-15,386.00,C,5.7460,5.8460,0.5000,0.2000,386.0000,0.0100
2022-06-17,SPY,2022-07-15,386.00,P,5.4500,5.5500,-0.5000,0.2000,386.0000,0.0100
2022-06-17,SPY,2022-07-15,388.00,C,5.4418,5.5458,0.4900,0.2010,386.0000,0.0100
2022-06-17,SPY,2022-07-15,388.00,P,7.1442,7.2482,-0.5100,0.2010,386.0000,0.0100
2022-06-17,SPY,2022-07-15,390.00,C,5.4211,5.5291,0.4800,0.2020,386.0000,0.0100
2022-06-17,SPY,2022-07-15,390.00,P,9.1220,9.2300,-0.5200,0.2020,386.0000,0.0100
2022-06-17,SPY,2022-07-15,392.00,C,5.3881,5.5001,0.4700,0.2030,386.0000,0.0100
2022-06-17,SPY,2022-07-15,392.00,P,11.0875,11.1995,-0.5300,0.2030,386.0000,0.0100
2022-06-17,SPY,2022-07-15,394.00,C,5.3430,5.4590,0.4600,0.2040,386.0000,0.0100
2022-06-17,SPY,2022-07-15,394.00,P,13.0409,13.1569,-0.5400,0.2040,386.0000,0.0100
2022-06-17,SPY,2022-07-15,396.00,C,5.2862,5.4062,0.4500,0.2050,386.0000,0.0100
2022-06-17,SPY,2022-07-15,396.00,P,14.9825,15.1025,-0.5500,0.2050,386.0000,0.0100
2022-06-17,SPY,2022-07-15,398.00,C,5.2180,5.3420,0.4400,0.2060,386.0000,0.0100
2022-06-17,SPY,2022-07-15,398.00,P,16.9128,17.0368,-0.5600,0.2060,386.0000,0.0100
2022-06-17,SPY,2022-07-15,400.00,C,5.1389,5.2669,0.4300,0.2070,386.0000,0.0100
2022-06-17,SPY,2022-07-15,400.00,P,18.8322,18.9602,-0.5700,0.2070,386.0000,0.0100
2022-06-17,SPY,2022-07-15,402.00,C,5.0496,5.1816,0.4200,0.2080,386.0000,0.0100
2022-06-17,SPY,2022-07-15,402.00,P,20.7413,20.8733,-0.5800,0.2080,386.0000,0.0100
2022-06-17,SPY,2022-07-15,404.00,C,4.9505,5.0865,0.4100,0.2090,386.0000,0.0100
2022-06-17,SPY,2022-07-15,404.00,P,22.6407,22.7767,-0.5900,0.2090,386.0000,0.0100
2022-06-17,SPY,2022-07-15,406.00,C,4.8425,4.9825,0.4000,0.2100,386.0000,0.0100
2022-06-17,SPY,2022-07-15,406.00,P,24.5312,24.6712,-0.6000,0.2100,386.0000,0.0100
2022-06-17,SPY,2022-07-15,408.00,C,4.7262,4.8702,0.3900,0.2110,386.0000,0.0100
2022-06-17,SPY,2022-07-15,408.00,P,26.4133,26.5573,-0.6100,0.2110,386.0000,0.0100
2022-06-17,SPY,2022-07-15,410.00,C,4.6024,4.7504,0.3800,0.2120,386.0000,0.0100
2022-06-17,SPY,2022-07-15,410.00,P,28.2880,28.4360,-0.6200,0.2120,386.0000,0.0100
2022-06-17,SPY,2022-07-15,412.00,C,4.4719,4.6239,0.3700,0.2130,386.0000,0.0100
2022-06-17,SPY,2022-07-15,412.00,P,30.1559,30.3079,-0.6300,0.2130,386.0000,0.0100
2022-06-17,SPY,2022-07-15,414.00,C,4.3355,4.4915,0.3600,0.2140,386.0000,0.0100
2022-06-17,SPY,2022-07-15,414.00,P,32.0181,32.1741,-0.6400,0.2140,386.0000,0.0100
2022-06-17,SPY,2022-07-15,416.00,C,4.1942,4.3542,0.3500,0.2150,386.0000,0.0100
2022-06-17,SPY,2022-07-15,416.00,P,33.8752,34.0352,-0.6500,0.2150,386.0000,0.0100
2022-06-17,SPY,2022-07-15,418.00,C,4.0487,4.2127,0.3400,0.2160,386.0000,0.0100
2022-06-17,SPY,2022-07-15,418.00,P,35.7282,35.8922,-0.6600,0.2160,386.0000,0.0100
2022-06-17,SPY,2022-07-15,420.00,C,3.9000,4.0680,0.3300,0.2170,386.0000,0.0100
2022-06-17,SPY,2022-07-15,420.00,P,37.5780,37.7460,-0.6700,0.2170,386.0000,0.0100
2022-06-17,SPY,2022-07-15,422.00,C,3.7489,3.9209,0.3200,0.2180,386.0000,0.0100
2022-06-17,SPY,2022-07-15,422.00,P,39.4253,39.5973,-0.6800,0.2180,386.0000,0.0100
2022-06-17,SPY,2022-07-15,424.00,C,3.5962,3.7722,0.3100,0.2190,386.0000,0.0100
2022-06-17,SPY,2022-07-15,424.00,P,41.2710,41.4470,-0.6900,0.2190,386.0000,0.0100
2022-06-17,SPY,2022-07-15,426.00,C,3.4427,3.6227,0.3000,0.2200,386.0000,0.0100
2022-06-17,SPY,2022-07-15,426.00,P,43.1160,43.2960,-0.7000,0.2200,386.0000,0.0100
2022-06-17,SPY,2022-07-15,428.00,C,3.2891,3.4731,0.2900,0.2210,386.0000,0.0100
2022-06-17,SPY,2022-07-15,428.00,P,44.9609,45.1449,-0.7100,0.2210,386.0000,0.0100
2022-06-17,SPY,2022-07-15,430.00,C,3.1364,3.3244,0.2800,0.2220,386.0000,0.0100
2022-06-17,SPY,2022-07-15,430.00,P,46.8066,46.9946,-0.7200,0.2220,386.0000,0.0100
2022-06-17,SPY,2022-07-15,432.00,C,2.9850,3.1770,0.2700,0.2230,386.0000,0.0100
2022-06-17,SPY,2022-07-15,432.00,P,48.6538,48.8458,-0.7300,0.2230,386.0000,0.0100
2022-06-17,SPY,2022-07-15,434.00,C,2.8358,3.0318,0.2600,0.2240,386.0000,0.0100
2022-06-17,SPY,2022-07-15,434.00,P,50.5030,50.6990,-0.7400,0.2240,386.0000,0.0100
2022-06-17,SPY,2022-07-15,436.00,C,2.6892,2.8892,0.2500,0.2250,386.0000,0.0100
2022-06-17,SPY,2022-07-15,436.00,P,52.3548,52.5548,-0.7500,0.2250,386.0000,0.0100
2022-06-17,SPY,2022-07-15,438.00,C,2.5458,2.7498,0.2400,0.2260,386.0000,0.0100
2022-06-17,SPY,2022-07-15,438.00,P,54.2099,54.4139,-0.7600,0.2260,386.0000,0.0100
2022-06-17,SPY,2022-07-15,440.00,C,2.4061,2.6141,0.2300,0.2270,386.0000,0.0100
2022-06-17,SPY,2022-07-15,440.00,P,56.0687,56.2767,-0.7700,0.2270,386.0000,0.0100
2022-06-17,SPY,2022-07-15,442.00,C,2.2706,2.4826,0.2200,0.2280,386.0000,0.0100
2022-06-17,SPY,2022-07-15,442.00,P,57.9316,58.1436,-0.7800,0.2280,386.0000,0.0100
2022-06-17,SPY,2022-07-15,444.00,C,2.1395,2.3555,0.2100,0.2290,386.0000,0.0100
2022-06-17,SPY,2022-07-15,444.00,P,59.7990,60.0150,-0.7900,0.2290,386.0000,0.0100
2022-06-17,SPY,2022-07-15,446.00,C,2.0133,2.2333,0.2000,0.2300,386.0000,0.0100
2022-06-17,SPY,2022-07-15,446.00,P,61.6713,61.8913,-0.8000,0.2300,386.0000,0.0100
2022-06-17,SPY,2022-07-15,448.00,C,1.8921,2.1161,0.1900,0.2310,386.0000,0.0100
2022-06-17,SPY,2022-07-15,448.00,P,63.5486,63.7726,-0.8100,0.2310,386.0000,0.0100
2022-06-17,SPY,2022-07-15,450.00,C,1.7762,2.0042,0.1800,0.2320,386.0000,0.0100
2022-06-17,SPY,2022-07-15,450.00,P,65.4311,65.6591,-0.8200,0.2320,386.0000,0.0100
2022-06-17,SPY,2022-07-15,452.00,C,1.6657,1.8977,0.1700,0.2330,386.0000,0.0100
2022-06-17,SPY,2022-07-15,452.00,P,67.3191,67.5511,-0.8300,0.2330,386.0000,0.0100
2022-06-17,SPY,2022-07-15,454.00,C,1.5607,1.7967,0.1600,0.2340,386.0000,0.0100
2022-06-17,SPY,2022-07-15,454.00,P,69.2126,69.4486,-0.8400,0.2340,386.0000,0.0100
2022-06-17,SPY,2022-07-15,456.00,C,1.4613,1.7013,0.1500,0.2350,386.0000,0.0100
2022-06-17,SPY,2022-07-15,456.00,P,71.1117,71.3517,-0.8500,0.2350,386.0000,0.0100
2022-06-17,SPY,2022-07-15,458.00,C,1.3675,1.6115,0.1400,0.2360,386.0000,0.0100
2022-06-17,SPY,2022-07-15,458.00,P,73.0163,73.2603,-0.8600,0.2360,386.0000,0.0100
2022-06-17,SPY,2022-07-15,460.00,C,1.2792,1.5272,0.1300,0.2370,386.0000,0.0100
2022-06-17,SPY,2022-07-15,460.00,P,74.9265,75.1745,-0.8700,0.2370,386.0000,0.0100
2022-06-17,SPY,2022-07-15,462.00,C,1.1964,1.4484,0.1200,0.2380,386.0000,0.0100
2022-06-17,SPY,2022-07-15,462.00,P,76.8421,77.0941,-0.8800,0.2380,386.0000,0.0100
2022-06-17,SPY,2022-07-15,464.00,C,1.1189,1.3749,0.1100,0.2390,386.0000,0.0100
2022-06-17,SPY,2022-07-15,464.00,P,78.7631,79.0191,-0.8900,0.2390,386.0000,0.0100
2022-06-17,SPY,2022-07-15,466.00,C,1.0467,1.3067,0.1000,0.2400,386.0000,0.0100
2022-06-17,SPY,2022-07-15,466.00,P,80.6893,80.9493,-0.9000,0.2400,386.0000,0.0100
2022-06-17,SPY,2022-07-15,468.00,C,0.9795,1.2435,0.0900,0.2410,386.0000,0.0100
2022-06-17,SPY,2022-07-15,468.00,P,82.6206,82.8846,-0.9100,0.2410,386.0000,0.0100
2022-06-17,SPY,2022-07-15,470.00,C,0.9173,1.1853,0.0800,0.2420,386.0000,0.0100
2022-06-17,SPY,2022-07-15,470.00,P,84.5568,84.8248,-0.9200,0.2420,386.0000,0.0100
2022-06-17,SPY,2022-07-15,472.00,C,0.8597,1.1317,0.0700,0.2430,386.0000,0.0100
2022-06-17,SPY,2022-07-15,472.00,P,86.4977,86.7697,-0.9300,0.2430,386.0000,0.0100
2022-06-17,SPY,2022-07-15,474.00,C,0.8066,1.0826,0.0600,0.2440,386.0000,0.0100
2022-06-17,SPY,2022-07-15,474.00,P,88.4431,88.7191,-0.9400,0.2440,386.0000,0.0100
2022-06-17,SPY,2022-07-15,476.00,C,0.7578,1.0378,0.0500,0.2450,386.0000,0.0100
2022-06-17,SPY,2022-07-15,476.00,P,90.3928,90.6728,-0.9500,0.2450,386.0000,0.0100
2022-06-17,SPY,2022-07-15,478.00,C,0.7130,0.9970,0.0400,0.2460,386.0000,0.0100
2022-06-17,SPY,2022-07-15,478.00,P,92.3465,92.6305,-0.9600,0.2460,386.0000,0.0100
2022-06-17,SPY,2022-07-15,480.00,C,0.6721,0.9601,0.0300,0.2470,386.0000,0.0100
2022-06-17,SPY,2022-07-15,480.00,P,94.3040,94.5920,-0.9700,0.2470,386.0000,0.0100
2022-06-17,SPY,2022-07-15,482.00,C,0.6347,0.9267,0.0200,0.2480,386.0000,0.0100
2022-06-17,SPY,2022-07-15,482.00,P,96.2651,96.5571,-0.9800,0.2480,386.0000,0.0100
2022-06-17,SPY,2022-07-15,484.00,C,0.6006,0.8966,0.0100,0.2490,386.0000,0.0100
2022-06-17,SPY,2022-07-15,484.00,P,98.2295,98.5255,-0.9900,0.2490,386.0000,0.0100
2022-06-17,SPY,2022-07-15,486.00,C,0.5697,0.8697,0.0000,0.2500,386.0000,0.0100
2022-06-17,SPY,2022-07-15,486.00,P,100.1970,100.4970,-1.0000,0.2500,386.0000,0.0100
2022-06-17,SPY,2022-07-15,488.00,C,0.5416,0.8456,0.0000,0.2510,386.0000,0.0100
2022-06-17,SPY,2022-07-15,488.00,P,102.1674,102.4714,-1.0000,0.2510,386.0000,0.0100
2022-06-17,SPY,2022-07-15,490.00,C,0.5162,0.8242,0.0000,0.2520,386.0000,0.0100
2022-06-17,SPY,2022-07-15,490.00,P,104.1405,104.4485,-1.0000,0.2520,386.0000,0.0100
2022-06-17,SPY,2022-07-15,492.00,C,0.4933,0.8053,0.0000,0.2530,386.0000,0.0100
2022-06-17,SPY,2022-07-15,492.00,P,106.1160,106.4280,-1.0000,0.2530,386.0000,0.0100
2022-06-17,SPY,2022-07-15,494.00,C,0.4726,0.7886,0.0000,0.2540,386.0000,0.0100
2022-06-17,SPY,2022-07-15,494.00,P,108.0938,108.4098,-1.0000,0.2540,386.0000,0.0100
2022-06-17,SPY,2022-07-15,496.00,C,0.4540,0.7740,0.0000,0.2550,386.0000,0.0100
2022-06-17,SPY,2022-07-15,496.00,P,110.0736,110.3936,-1.0000,0.2550,386.0000,0.0100
2022-06-17,SPY,2022-07-15,498.00,C,0.4372,0.7612,0.0000,0.2560,386.0000,0.0100
2022-06-17,SPY,2022-07-15,498.00,P,112.0553,112.3793,-1.0000,0.2560,386.0000,0.0100
